erver] [2025-07-30 09:48:56.559] ApplyPatch took 3 ms
2025-07-30 09:48:56.982 [info] [2025-07-30T16:48:56.981Z] [MCP Server] [2025-07-30 09:48:56.560] ApplyPatch result: Patch applied successfully.
2025-07-30 09:49:04.123 [info] [2025-07-30T16:49:04.120Z] [MCP Server] [2025-07-30 09:49:03.611] Tool ApplyPatch invoked with arguments ["*** Begin Patch\n=== src/renderer/components/FileUploader/FileUploader.test.tsx\n~~~ 1\n-import { render, fireEvent } from \u0027@testing-library/react\u0027;\n\u002Bimport { render } from \u0027@testing-library/react\u0027;\n*** End Patch"]
2025-07-30 09:49:04.123 [info] [2025-07-30T16:49:04.121Z] [MCP Server] [2025-07-30 09:49:03.614] ApplyPatch took 3 ms
2025-07-30 09:49:04.123 [info] [2025-07-30T16:49:04.122Z] [MCP Server] [2025-07-30 09:49:03.615] ApplyPatch result: Patch applied successfully.
2025-07-30 09:49:12.292 [info] [2025-07-30T16:49:12.288Z] [MCP Server] [2025-07-30 09:49:12.022] Tool ApplyPatch invoked with arguments ["*** Begin Patch\n=== src/renderer/components/FileUploader/FileUploader.test.tsx\n~~~ 39\n-    // Simulate file input change without fireEvent\n-    const file = new File([\u0027content\u0027], \u0027file.txt\u0027);\n-    Object.defineProperty(fileInput, \u0027files\u0027, {\n-      value: [file],\n-      writable: false,\n-    });\n-    const event = new Event(\u0027change\u0027, { bubbles: true });\n-    fileInput.dispatchEvent(event);\n\u002B    // Simulate file input change using native DOM methods\n\u002B    const file = new File([\u0027content\u0027], \u0027file.txt\u0027);\n\u002B    Object.defineProperty(fileInput, \u0027files\u0027, {\n\u002B      value: [file],\n\u002B      writable: false,\n\u002B    });\n\u002B    const changeEvent = new Event(\u0027change\u0027, { bubbles: true });\n\u002B    fileInput.dispatchEvent(changeEvent);\n*** End Patch"]
2025-07-30 09:49:12.292 [info] [2025-07-30T16:49:12.289Z] [MCP Server] [2025-07-30 09:49:12.024] ApplyPatch took 2 ms
2025-07-30 09:49:12.292 [info] [2025-07-30T16:49:12.289Z] [MCP Server] [2025-07-30 09:49:12.026] ApplyPatch result: Patch failed: Patch mismatch at src/renderer/components/FileUploader/FileUploader.test.tsx:38.
2025-07-30 09:49:12.292 [info] [2025-07-30T16:49:12.289Z] [MCP Server] TROUBLESHOOTING:
2025-07-30 09:49:12.292 [info] [2025-07-30T16:49:12.290Z] [MCP Server] 1. Use OpenFileLines to verify current file content
2025-07-30 09:49:12.292 [info] [2025-07-30T16:49:12.290Z] [MCP Server] 2. Ensure removed lines match exactly (including whitespace)
2025-07-30 09:49:12.292 [info] [2025-07-30T16:49:12.290Z] [MCP Server] 3. Verify line numbers are absolute file positions, not relative to OpenFileLines output
2025-07-30 09:49:12.292 [info] [2025-07-30T16:49:12.291Z] [MCP Server] 4. Check that the file hasn't been modified since you last read it
2025-07-30 09:49:12.292 [info] [2025-07-30T16:49:12.291Z] [MCP Server] Example: If OpenFileLines(file, 10, 20) shows content, and you want to modify line 12, use '~~~ 12', not '~~~ 3'
2025-07-30 09:49:18.960 [info] [2025-07-30T16:49:18.959Z] [MCP Server] [2025-07-30 09:49:18.877] Tool ApplyPatch invoked with arguments ["*** Begin Patch\n=== src/renderer/components/FileUploader/FileUploader.test.tsx\n*** End Patch"]
2025-07-30 09:49:18.960 [info] [2025-07-30T16:49:18.959Z] [MCP Server] [2025-07-30 09:49:18.883] ApplyPatch took 6 ms
2025-07-30 09:49:18.960 [info] [2025-07-30T16:49:18.960Z] [MCP Server] [2025-07-30 09:49:18.885] ApplyPatch result: Patch applied successfully.
2025-07-30 09:49:24.041 [info] [2025-07-30T16:49:24.040Z] [MCP Server] [2025-07-30 09:49:23.782] GetAIResponseAsync took 30570 ms
2025-07-30 09:49:28.626 [info] [2025-07-30T16:49:28.624Z] [MCP Server] [2025-07-30 09:49:28.460] Attempting to fix individual error
2025-07-30 09:49:28.626 [info] [2025-07-30T16:49:28.625Z] [MCP Server] src/renderer/components/ToolBar/Menu/Flyout/Settings/SettingsContent.test.tsx:3:18 - error TS2305: Module '"@testing-library/react"' has no exported member 'fireEvent'.
2025-07-30 09:49:28.626 [info] [2025-07-30T16:49:28.625Z] [MCP Server] 3 import { render, fireEvent } from '@testing-library/react';
2025-07-30 09:49:28.626 [info] [2025-07-30T16:49:28.625Z] [MCP Server] ~~~~~~~~~
2025-07-30 09:49:44.430 [info] [2025-07-30T16:49:44.417Z] [MCP Server] [2025-07-30 09:49:44.271] GetAIResponseAsync took 15809 ms
2025-07-30 09:49:44.430 [info] [2025-07-30T16:49:44.418Z] [MCP Server] [2025-07-30 09:49:44.272] Individual develop plan response: # Fix Plan: Remove Deprecated `fireEvent` Import from @testing-library/react
2025-07-30 09:49:44.430 [info] [2025-07-30T16:49:44.418Z] [MCP Server] ## Strategy Summary
2025-07-30 09:49:44.430 [info] [2025-07-30T16:49:44.418Z] [MCP Server] The error indicates that `fireEvent` is no longer exported from `@testing-library/react` in version 16.x. This is a breaking change where `fireEvent` has been moved to `@testing-library/user-event` or should be replaced with user-event methods for better testing practices.
2025-07-30 09:49:44.430 [info] [2025-07-30T16:49:44.419Z] [MCP Server] ## Detailed Execution Plan
2025-07-30 09:49:44.430 [info] [2025-07-30T16:49:44.419Z] [MCP Server] ### Step 1: Analyze the test file structure and current imports
2025-07-30 09:49:44.430 [info] [2025-07-30T16:49:44.419Z] [MCP Server] - **Tool**: `OpenFile`
2025-07-30 09:49:44.430 [info] [2025-07-30T16:49:44.420Z] [MCP Server] - **Arguments**: `filePath: "src/renderer/components/ToolBar/Menu/Flyout/Settings/SettingsContent.test.tsx"`
2025-07-30 09:49:44.430 [info] [2025-07-30T16:49:44.420Z] [MCP Server] - **Purpose**: Understand the complete file structure and see how `fireEvent` is currently used
2025-07-30 09:49:44.430 [info] [2025-07-30T16:49:44.420Z] [MCP Server] ### Step 2: Search for all fireEvent usages in the file
2025-07-30 09:49:44.430 [info] [2025-07-30T16:49:44.420Z] [MCP Server] - **Tool**: `SearchFileForOccurrences`
2025-07-30 09:49:44.430 [info] [2025-07-30T16:49:44.421Z] [MCP Server] - **Arguments**: `filePath: "src/renderer/components/ToolBar/Menu/Flyout/Settings/SettingsContent.test.tsx"`, `searchString: "fireEvent"`
2025-07-30 09:49:44.430 [info] [2025-07-30T16:49:44.421Z] [MCP Server] - **Purpose**: Locate all instances where `fireEvent` is used to understand what needs to be replaced
2025-07-30 09:49:44.430 [info] [2025-07-30T16:49:44.421Z] [MCP Server] ### Step 3: Check if user-event is already imported or available
2025-07-30 09:49:44.430 [info] [2025-07-30T16:49:44.421Z] [MCP Server] - **Tool**: `SearchFileForOccurrences`
2025-07-30 09:49:44.430 [info] [2025-07-30T16:49:44.421Z] [MCP Server] - **Arguments**: `filePath: "src/renderer/components/ToolBar/Menu/Flyout/Settings/SettingsContent.test.tsx"`, `searchString: "userEvent"`
2025-07-30 09:49:44.430 [info] [2025-07-30T16:49:44.422Z] [MCP Server] - **Purpose**: Determine if user-event is already imported and available
2025-07-30 09:49:44.430 [info] [2025-07-30T16:49:44.422Z] [MCP Server] ### Step 4: Search for any existing user-event imports in the project
2025-07-30 09:49:44.430 [info] [2025-07-30T16:49:44.422Z] [MCP Server] - **Tool**: `SearchFileForOccurrences`
2025-07-30 09:49:44.430 [info] [2025-07-30T16:49:44.423Z] [MCP Server] - **Arguments**: `filePath: "package.json"`, `searchString: "@testing-library/user-event"`
2025-07-30 09:49:44.430 [info] [2025-07-30T16:49:44.423Z] [MCP Server] - **Purpose**: Check if user-event package is already installed
2025-07-30 09:49:44.430 [info] [2025-07-30T16:49:44.423Z] [MCP Server] ### Step 5: Examine the specific line with the import error
2025-07-30 09:49:44.430 [info] [2025-07-30T16:49:44.423Z] [MCP Server] - **Tool**: `OpenFileLines`
2025-07-30 09:49:44.430 [info] [2025-07-30T16:49:44.424Z] [MCP Server] - **Arguments**: `filePath: "src/renderer/components/ToolBar/Menu/Flyout/Settings/SettingsContent.test.tsx"`, `startLine: 1`, `endLine: 10`
2025-07-30 09:49:44.430 [info] [2025-07-30T16:49:44.424Z] [MCP Server] - **Purpose**: Get exact line content and context for the import statement
2025-07-30 09:49:44.430 [info] [2025-07-30T16:49:44.424Z] [MCP Server] ### Step 6: Examine the fireEvent usage context
2025-07-30 09:49:44.430 [info] [2025-07-30T16:49:44.425Z] [MCP Server] - **Tool**: `OpenFileLines`
2025-07-30 09:49:44.430 [info] [2025-07-30T16:49:44.425Z] [MCP Server] - **Arguments**: `filePath: "src/renderer/components/ToolBar/Menu/Flyout/Settings/SettingsContent.test.tsx"`, `startLine: 10`, `endLine: 30`
2025-07-30 09:49:44.430 [info] [2025-07-30T16:49:44.425Z] [MCP Server] - **Purpose**: See how fireEvent is used in the test methods to determine the appropriate replacement
2025-07-30 09:49:44.430 [info] [2025-07-30T16:49:44.425Z] [MCP Server] ### Step 7: Apply the fix by replacing fireEvent import with user-event
2025-07-30 09:49:44.430 [info] [2025-07-30T16:49:44.425Z] [MCP Server] - **Tool**: `ApplyPatch`
2025-07-30 09:49:44.430 [info] [2025-07-30T16:49:44.425Z] [MCP Server] - **Arguments**: `patchText` containing:
2025-07-30 09:49:44.430 [info] [2025-07-30T16:49:44.426Z] [MCP Server] - Remove `fireEvent` from the import statement on line 3
2025-07-30 09:49:44.430 [info] [2025-07-30T16:49:44.427Z] [MCP Server] - Add import for `@testing-library/user-event`
2025-07-30 09:49:44.430 [info] [2025-07-30T16:49:44.427Z] [MCP Server] - Replace `fireEvent` usage with appropriate `userEvent` methods
2025-07-30 09:49:44.430 [info] [2025-07-30T16:49:44.428Z] [MCP Server] - **Purpose**: Implement the complete fix for the compilation error
2025-07-30 09:49:44.430 [info] [2025-07-30T16:49:44.428Z] [MCP Server] ## Expected Fix Approach
2025-07-30 09:49:44.430 [info] [2025-07-30T16:49:44.428Z] [MCP Server] Based on @testing-library/react v16.x breaking changes:
2025-07-30 09:49:44.430 [info] [2025-07-30T16:49:44.428Z] [MCP Server] 1. Remove `fireEvent` from the existing import
2025-07-30 09:49:44.430 [info] [2025-07-30T16:49:44.428Z] [MCP Server] 2. Add `import userEvent from '@testing-library/user-event'`
2025-07-30 09:49:44.430 [info] --- Log cleared to prevent buffer overflow ---
2025-07-30 09:49:44.430 [info] [2025-07-30T16:49:44.428Z] [MCP Server] 3. Replace `fireEvent.click()` with `await userEvent.click()`
2025-07-30 09:49:44.430 [info] [2025-07-30T16:49:44.429Z] [MCP Server] 4. Replace `fireEvent.change()` with `await userEvent.type()` or `await userEvent.clear()` + `await userEvent.type()`
2025-07-30 09:49:44.430 [info] [2025-07-30T16:49:44.429Z] [MCP Server] 5. Update test functions to be `async` if they aren't already
2025-07-30 09:49:44.430 [info] [2025-07-30T16:49:44.429Z] [MCP Server] This plan will systematically gather all necessary context and implement a precise fix for the TypeScript compilation error.
2025-07-30 09:49:47.473 [info] [2025-07-30T16:49:47.471Z] [MCP Server] [2025-07-30 09:49:46.967] Tool OpenFile invoked with arguments ["src/renderer/components/ToolBar/Menu/Flyout/Settings/SettingsContent.test.tsx"]
2025-07-30 09:49:47.473 [info] [2025-07-30T16:49:47.472Z] [MCP Server] [2025-07-30 09:49:46.969] OpenFile took 2 ms
2025-07-30 09:49:50.530 [info] [2025-07-30T16:49:50.528Z] [MCP Server] [2025-07-30 09:49:50.072] Tool SearchFileForOccurrences invoked with arguments ["src/renderer/components/ToolBar/Menu/Flyout/Settings/SettingsContent.test.tsx","fireEvent"]
2025-07-30 09:49:50.530 [info] [2025-07-30T16:49:50.529Z] [MCP Server] [2025-07-30 09:49:50.507] SearchFileForOccurrences took 434 ms
2025-07-30 09:49:56.673 [info] [2025-07-30T16:49:56.671Z] [MCP Server] [2025-07-30 09:49:56.275] Tool SearchFileForOccurrences invoked with arguments ["src/renderer/components/ToolBar/Menu/Flyout/Settings/SettingsContent.test.tsx","fireEvent"]
2025-07-30 09:49:56.673 [info] [2025-07-30T16:49:56.672Z] [MCP Server] [2025-07-30 09:49:56.643] SearchFileForOccurrences took 368 ms
2025-07-30 09:50:02.814 [info] [2025-07-30T16:50:02.813Z] [MCP Server] [2025-07-30 09:50:02.390] Tool SearchFileForOccurrences invoked with arguments ["src/renderer/components/ToolBar/Menu/Flyout/Settings/SettingsContent.test.tsx","fireEvent.change"]
2025-07-30 09:50:02.814 [info] [2025-07-30T16:50:02.813Z] [MCP Server] [2025-07-30 09:50:02.789] SearchFileForOccurrences took 398 ms
2025-07-30 09:50:08.921 [info] [2025-07-30T16:50:08.920Z] [MCP Server] [2025-07-30 09:50:08.535] Tool SearchFileForOccurrences invoked with arguments ["package.json","@testing-library/user-event"]
2025-07-30 09:50:08.921 [info] [2025-07-30T16:50:08.921Z] [MCP Server] [2025-07-30 09:50:08.900] SearchFileForOccurrences took 364 ms
2025-07-30 09:50:15.097 [info] [2025-07-30T16:50:15.096Z] [MCP Server] [2025-07-30 09:50:15.021] Tool OpenFile invoked with arguments ["package.json"]
2025-07-30 09:50:15.097 [info] [2025-07-30T16:50:15.096Z] [MCP Server] [2025-07-30 09:50:15.023] OpenFile took 2 ms
2025-07-30 09:50:15.531 [info] [2025-07-30T16:50:15.530Z] [MCP Server] [2025-07-30 09:50:15.023] OpenFile took 2 ms
2025-07-30 09:50:24.195 [info] [2025-07-30T16:50:24.193Z] [MCP Server] [2025-07-30 09:50:23.691] Tool OpenFileLines invoked with arguments ["src/renderer/components/ToolBar/Menu/Flyout/Settings/SettingsContent.test.tsx",1,10]
2025-07-30 09:50:24.195 [info] [2025-07-30T16:50:24.194Z] [MCP Server] [2025-07-30 09:50:23.697] OpenFileLines took 6 ms
2025-07-30 09:50:27.248 [info] [2025-07-30T16:50:27.246Z] [MCP Server] [2025-07-30 09:50:26.919] Tool OpenFileLines invoked with arguments ["src/renderer/components/ToolBar/Menu/Flyout/Settings/SettingsContent.test.tsx",20,30]
2025-07-30 09:50:27.248 [info] [2025-07-30T16:50:27.247Z] [MCP Server] [2025-07-30 09:50:26.923] OpenFileLines took 3 ms
2025-07-30 09:50:34.916 [info] [2025-07-30T16:50:34.916Z] [MCP Server] [2025-07-30 09:50:34.814] Tool SearchFileForOccurrences invoked with arguments ["package.json","testing-library"]
2025-07-30 09:50:35.426 [info] [2025-07-30T16:50:35.425Z] [MCP Server] [2025-07-30 09:50:35.278] SearchFileForOccurrences took 464 ms
2025-07-30 09:50:49.209 [info] [2025-07-30T16:50:49.207Z] [MCP Server] [2025-07-30 09:50:49.001] Tool ApplyPatch invoked with arguments ["*** Begin Patch\n=== src/renderer/components/ToolBar/Menu/Flyout/Settings/SettingsContent.test.tsx\n~~~ 3\n-import { render, fireEvent } from \u0027@testing-library/react\u0027;\n\u002Bimport { render } from \u0027@testing-library/react\u0027;\n~~~ 22\n-    fireEvent.change(acceptLanguageInput, { target: { value: \u0027cz-Cz\u0027 } });\n-    fireEvent.change(screenshotLocationInput, {\n-      target: { value: \u0027./path/location\u0027 },\n-    });\n-    fireEvent.click(saveButton);\n\u002B    // Simulate user input by directly setting values and triggering events\n\u002B    acceptLanguageInput.setAttribute(\u0027value\u0027, \u0027cz-Cz\u0027);\n\u002B    acceptLanguageInput.dispatchEvent(new Event(\u0027change\u0027, { bubbles: true }));\n\u002B    \n\u002B    screenshotLocationInput.setAttribute(\u0027value\u0027, \u0027./path/location\u0027);\n\u002B    screenshotLocationInput.dispatchEvent(new Event(\u0027change\u0027, { bubbles: true }));\n\u002B    \n\u002B    saveButton.click();\n*** End Patch"]
2025-07-30 09:50:49.209 [info] [2025-07-30T16:50:49.208Z] [MCP Server] [2025-07-30 09:50:49.013] ApplyPatch took 11 ms
2025-07-30 09:50:49.209 [info] [2025-07-30T16:50:49.208Z] [MCP Server] [2025-07-30 09:50:49.014] ApplyPatch result: Patch applied successfully.
2025-07-30 09:50:52.251 [info] [2025-07-30T16:50:52.250Z] [MCP Server] [2025-07-30 09:50:52.102] Index out of range error on attempt 1: Index was out of range. Must be non-negative and less than the size of the collection. (Parameter 'index')
2025-07-30 09:51:00.419 [info] [2025-07-30T16:51:00.413Z] [MCP Server] [2025-07-30 09:50:59.947] Tool ApplyPatch invoked with arguments ["*** Begin Patch\n=== src/renderer/components/ToolBar/Menu/Flyout/Settings/SettingsContent.test.tsx\n~~~ 3\n-import { render, fireEvent } from \u0027@testing-library/react\u0027;\n\u002Bimport { render } from \u0027@testing-library/react\u0027;\n~~~ 22\n-    fireEvent.change(acceptLanguageInput, { target: { value: \u0027cz-Cz\u0027 } });\n\u002B    acceptLanguageInput.dispatchEvent(new Event(\u0027change\u0027, { bubbles: true }));\n\u002B    Object.defineProperty(acceptLanguageInput, \u0027value\u0027, { value: \u0027cz-Cz\u0027, writable: true });\n~~~ 23\n-    fireEvent.change(screenshotLocationInput, {\n-      target: { value: \u0027./path/location\u0027 },\n-    });\n\u002B    screenshotLocationInput.dispatchEvent(new Event(\u0027change\u0027, { bubbles: true }));\n\u002B    Object.defineProperty(screenshotLocationInput, \u0027value\u0027, { value: \u0027./path/location\u0027, writable: true });\n~~~ 26\n-    fireEvent.click(saveButton);\n\u002B    saveButton.click();\n*** End Patch"]
2025-07-30 09:51:00.419 [info] [2025-07-30T16:51:00.414Z] [MCP Server] [2025-07-30 09:50:59.949] ApplyPatch took 2 ms
2025-07-30 09:51:00.419 [info] [2025-07-30T16:51:00.414Z] [MCP Server] [2025-07-30 09:50:59.950] ApplyPatch result: Patch failed: Patch mismatch at src/renderer/components/ToolBar/Menu/Flyout/Settings/SettingsContent.test.tsx:2.
2025-07-30 09:51:00.419 [info] [2025-07-30T16:51:00.415Z] [MCP Server] TROUBLESHOOTING:
2025-07-30 09:51:00.419 [info] [2025-07-30T16:51:00.415Z] [MCP Server] 1. Use OpenFileLines to verify current file content
2025-07-30 09:51:00.419 [info] [2025-07-30T16:51:00.416Z] [MCP Server] 2. Ensure removed lines match exactly (including whitespace)
2025-07-30 09:51:00.419 [info] [2025-07-30T16:51:00.417Z] [MCP Server] 3. Verify line numbers are absolute file positions, not relative to OpenFileLines output
2025-07-30 09:51:00.419 [info] [2025-07-30T16:51:00.418Z] [MCP Server] 4. Check that the file hasn't been modified since you last read it
2025-07-30 09:51:00.419 [info] [2025-07-30T16:51:00.418Z] [MCP Server] Example: If OpenFileLines(file, 10, 20) shows content, and you want to modify line 12, use '~~~ 12', not '~~~ 3'
2025-07-30 09:51:06.617 [info] [2025-07-30T16:51:06.615Z] [MCP Server] [2025-07-30 09:51:06.543] Tool OpenFileLines invoked with arguments ["src/renderer/components/ToolBar/Menu/Flyout/Settings/SettingsContent.test.tsx",1,5]
2025-07-30 09:51:06.617 [info] [2025-07-30T16:51:06.616Z] [MCP Server] [2025-07-30 09:51:06.546] OpenFileLines took 2 ms
2025-07-30 09:51:07.053 [info] [2025-07-30T16:51:07.052Z] [MCP Server] [2025-07-30 09:51:06.546] OpenFileLines took 2 ms
2025-07-30 09:51:13.172 [info] [2025-07-30T16:51:13.171Z] [MCP Server] [2025-07-30 09:51:12.996] Tool OpenFileLines invoked with arguments ["src/renderer/components/ToolBar/Menu/Flyout/Settings/SettingsContent.test.tsx",20,30]
2025-07-30 09:51:13.172 [info] [2025-07-30T16:51:13.171Z] [MCP Server] [2025-07-30 09:51:12.997] Duplicate invocation detected for: src/renderer/components/ToolBar/Menu/Flyout/Settings/SettingsContent.test.tsx:20-30
2025-07-30 09:51:19.816 [info] [2025-07-30T16:51:19.814Z] [MCP Server] [2025-07-30 09:51:19.428] Tool OpenFileLines invoked with arguments ["src/renderer/components/ToolBar/Menu/Flyout/Settings/SettingsContent.test.tsx",15,40]
2025-07-30 09:51:19.816 [info] [2025-07-30T16:51:19.815Z] [MCP Server] [2025-07-30 09:51:19.430] OpenFileLines took 1 ms
2025-07-30 09:51:24.409 [info] [2025-07-30T16:51:24.409Z] [MCP Server] [2025-07-30 09:51:24.265] GetAIResponseAsync took 99991 ms
2025-07-30 09:51:29.034 [info] [2025-07-30T16:51:29.033Z] [MCP Server] [2025-07-30 09:51:28.903] Successfully fixed error: src/renderer/components/ToolBar/Menu/Flyout/Settings/SettingsContent.test.tsx:3:18 - error TS2305: Module '"@testing-library/react"' has no exported member 'fireEvent'.
2025-07-30 09:51:29.034 [info] [2025-07-30T16:51:29.034Z] [MCP Server] 3 import { render, fireEvent } from '@testing-library/react';
2025-07-30 09:51:29.034 [info] [2025-07-30T16:51:29.034Z] [MCP Server] ~~~~~~~~~
2025-07-30 09:51:29.034 [info] [2025-07-30T16:51:29.034Z] [MCP Server] [2025-07-30 09:51:28.905] Made progress in fixing errors. Rebuilding and regrouping remaining errors.
2025-07-30 09:51:33.592 [info] [2025-07-30T16:51:33.586Z] [MCP Server] [2025-07-30 09:51:33.332] Temp directory C:\Users\lucygramley\AppData\Local\Temp\group_fbb0888e599144088c422e892289703c deleted.
2025-07-30 09:51:33.592 [info] [2025-07-30T16:51:33.587Z] [MCP Server] [2025-07-30 09:51:33.334] 5 error groups left.
2025-07-30 09:51:33.592 [info] [2025-07-30T16:51:33.587Z] [MCP Server] [2025-07-30 09:51:33.335] Attempting to fix error group with errors:
2025-07-30 09:51:33.592 [info] [2025-07-30T16:51:33.588Z] [MCP Server] Example 1:
2025-07-30 09:51:33.592 [info] [2025-07-30T16:51:33.588Z] [MCP Server] src/renderer/components/Modal/index.tsx:45:21 - error TS2322: Type 'string | Element | undefined' is not assignable to type 'ReactNode | ((bag: TitleRenderPropArg) => ReactElement<unknown, string | JSXElementConstructor<any>>)'.
2025-07-30 09:51:33.592 [info] [2025-07-30T16:51:33.588Z] [MCP Server] Type 'Element' is not assignable to type 'ReactNode | ((bag: TitleRenderPropArg) => ReactElement<unknown, string | JSXElementConstructor<any>>)'.
2025-07-30 09:51:33.592 [info] [2025-07-30T16:51:33.588Z] [MCP Server] Property 'children' is missing in type 'ReactElement<any, any>' but required in type 'ReactPortal'.
2025-07-30 09:51:33.592 [info] [2025-07-30T16:51:33.589Z] [MCP Server] 45                     {title}
2025-07-30 09:51:33.592 [info] [2025-07-30T16:51:33.589Z] [MCP Server] ~~~~~~~
2025-07-30 09:51:33.592 [info] [2025-07-30T16:51:33.589Z] [MCP Server] node_modules/@types/react/index.d.ts:388:9
2025-07-30 09:51:33.592 [info] [2025-07-30T16:51:33.589Z] [MCP Server] 388         children: ReactNode;
2025-07-30 09:51:33.592 [info] [2025-07-30T16:51:33.590Z] [MCP Server] ~~~~~~~~
2025-07-30 09:51:33.592 [info] [2025-07-30T16:51:33.590Z] [MCP Server] 'children' is declared here.
2025-07-30 09:51:33.592 [info] [2025-07-30T16:51:33.590Z] [MCP Server] node_modules/@headlessui/react/dist/types.d.ts:11:5
2025-07-30 09:51:33.592 [info] [2025-07-30T16:51:33.591Z] [MCP Server] 11     children?: ReactNode | ((bag: TSlot) => ReactElement);
2025-07-30 09:51:33.592 [info] [2025-07-30T16:51:33.591Z] [MCP Server] ~~~~~~~~
2025-07-30 09:51:33.592 [info] [2025-07-30T16:51:33.591Z] [MCP Server] The expected type comes from property 'children' which is declared here on type 'IntrinsicAttributes & CleanProps<"h2", never> & OurProps<"h2", TitleRenderPropArg> & { className?: string | ((bag: TitleRenderPropArg) => string) | undefined; } & { ...; }'
2025-07-30 09:51:50.992 [info] [2025-07-30T16:51:50.977Z] [MCP Server] [2025-07-30 09:51:50.697] GetAIResponseAsync took 17361 ms
2025-07-30 09:51:50.992 [info] [2025-07-30T16:51:50.977Z] [MCP Server] [2025-07-30 09:51:50.704] Group develop plan response: # Comprehensive Fix Plan for TypeScript Compilation Errors
2025-07-30 09:51:50.992 [info] [2025-07-30T16:51:50.978Z] [MCP Server] ## Fix Strategy
2025-07-30 09:51:50.992 [info] [2025-07-30T16:51:50.978Z] [MCP Server] The compilation error indicates a type incompatibility in the Modal component where the `title` prop is being passed as children to a Headless UI component. This is likely caused by breaking changes in @headlessui/react v2.x where component prop types have been updated to be more strict about ReactNode types.
2025-07-30 09:51:50.992 [info] [2025-07-30T16:51:50.978Z] [MCP Server] ## Execution Plan
2025-07-30 09:51:50.992 [info] [2025-07-30T16:51:50.978Z] [MCP Server] ### Step 1: Analyze the Modal Component Structure
2025-07-30 09:51:50.992 [info] [2025-07-30T16:51:50.979Z] [MCP Server] **Tool:** `OpenFile`
2025-07-30 09:51:50.992 [info] [2025-07-30T16:51:50.981Z] [MCP Server] **Arguments:** `filePath: "src/renderer/components/Modal/index.tsx"`
2025-07-30 09:51:50.992 [info] [2025-07-30T16:51:50.982Z] [MCP Server] **Purpose:** Understand the full context of how the Modal component is structured and how the title prop is being used.
2025-07-30 09:51:50.992 [info] [2025-07-30T16:51:50.982Z] [MCP Server] ### Step 2: Search for Headless UI Component Usage Patterns
2025-07-30 09:51:50.992 [info] [2025-07-30T16:51:50.982Z] [MCP Server] **Tool:** `SearchFileForOccurrences`
2025-07-30 09:51:50.992 [info] [2025-07-30T16:51:50.982Z] [MCP Server] **Arguments:** `filePath: "src/renderer/components/Modal/index.tsx"`, `searchString: "Dialog.Title"`
2025-07-30 09:51:50.992 [info] [2025-07-30T16:51:50.983Z] [MCP Server] **Purpose:** Locate the specific Headless UI Dialog.Title component usage that's causing the error.
2025-07-30 09:51:50.992 [info] [2025-07-30T16:51:50.983Z] [MCP Server] ### Step 3: Examine the Error Context Around Line 45
2025-07-30 09:51:50.992 [info] [2025-07-30T16:51:50.983Z] [MCP Server] **Tool:** `OpenFileLines`
2025-07-30 09:51:50.992 [info] [2025-07-30T16:51:50.984Z] [MCP Server] **Arguments:** `filePath: "src/renderer/components/Modal/index.tsx"`, `startLine: 40`, `endLine: 50`
2025-07-30 09:51:50.992 [info] [2025-07-30T16:51:50.984Z] [MCP Server] **Purpose:** Get the exact context around the error line to understand the prop structure.
2025-07-30 09:51:50.992 [info] [2025-07-30T16:51:50.984Z] [MCP Server] ### Step 4: Search for Title Prop Definitions
2025-07-30 09:51:50.992 [info] [2025-07-30T16:51:50.984Z] [MCP Server] **Tool:** `SearchFileForOccurrences`
2025-07-30 09:51:50.992 [info] [2025-07-30T16:51:50.984Z] [MCP Server] **Arguments:** `filePath: "src/renderer/components/Modal/index.tsx"`, `searchString: "title"`
2025-07-30 09:51:50.992 [info] [2025-07-30T16:51:50.985Z] [MCP Server] **Purpose:** Find how the title prop is defined and typed in the component interface.
2025-07-30 09:51:50.992 [info] [2025-07-30T16:51:50.985Z] [MCP Server] ### Step 5: Check Component Props Interface
2025-07-30 09:51:50.992 [info] [2025-07-30T16:51:50.985Z] [MCP Server] **Tool:** `SearchFileForOccurrences`
2025-07-30 09:51:50.992 [info] [2025-07-30T16:51:50.985Z] [MCP Server] **Arguments:** `filePath: "src/renderer/components/Modal/index.tsx"`, `searchString: "interface"`
2025-07-30 09:51:50.992 [info] [2025-07-30T16:51:50.985Z] [MCP Server] **Purpose:** Locate the component's prop interface to understand the title prop type.
2025-07-30 09:51:50.992 [info] [2025-07-30T16:51:50.985Z] [MCP Server] ### Step 6: Search for Other Modal Components That May Have Similar Issues
2025-07-30 09:51:50.992 [info] [2025-07-30T16:51:50.986Z] [MCP Server] **Tool:** `SearchFileForOccurrences`
2025-07-30 09:51:50.992 [info] [2025-07-30T16:51:50.986Z] [MCP Server] **Arguments:** `filePath: "src/renderer"`, `searchString: "Dialog.Title"`
2025-07-30 09:51:50.992 [info] [2025-07-30T16:51:50.986Z] [MCP Server] **Purpose:** Identify other files that might have similar Headless UI usage patterns.
2025-07-30 09:51:50.992 [info] [2025-07-30T16:51:50.986Z] [MCP Server] ### Step 7: Check for Additional Headless UI Components
2025-07-30 09:51:50.992 [info] [2025-07-30T16:51:50.986Z] [MCP Server] **Tool:** `SearchFileForOccurrences`
2025-07-30 09:51:50.992 [info] [2025-07-30T16:51:50.986Z] [MCP Server] **Arguments:** `filePath: "src/renderer"`, `searchString: "@headlessui/react"`
2025-07-30 09:51:50.992 [info] [2025-07-30T16:51:50.987Z] [MCP Server] **Purpose:** Find all files importing Headless UI components that may need similar fixes.
2025-07-30 09:51:50.992 [info] [2025-07-30T16:51:50.987Z] [MCP Server] ### Step 8: Apply Comprehensive Fix Using Regex Solutions
2025-07-30 09:51:50.992 [info] [2025-07-30T16:51:50.987Z] [MCP Server] **Tool:** `ApplyRegexSolutions`
2025-07-30 09:51:50.992 [info] [2025-07-30T16:51:50.987Z] [MCP Server] **Arguments:**
2025-07-30 09:51:50.992 [info] [2025-07-30T16:51:50.987Z] [MCP Server] ```json
2025-07-30 09:51:50.992 [info] [2025-07-30T16:51:50.987Z] [MCP Server] {
2025-07-30 09:51:50.992 [info] [2025-07-30T16:51:50.988Z] [MCP Server] "files": ["src/renderer/components/Modal/index.tsx"],
2025-07-30 09:51:50.992 [info] [2025-07-30T16:51:50.988Z] [MCP Server] "replacements": [
2025-07-30 09:51:50.992 [info] [2025-07-30T16:51:50.988Z] [MCP Server] {
2025-07-30 09:51:50.992 [info] [2025-07-30T16:51:50.988Z] [MCP Server] "pattern": "(<Dialog\\.Title[^>]*>)\\s*\\{title\\}\\s*(</Dialog\\.Title>)",
2025-07-30 09:51:50.992 [info] [2025-07-30T16:51:50.988Z] [MCP Server] "replacement": "$1{title as ReactNode}$2"
2025-07-30 09:51:50.992 [info] [2025-07-30T16:51:50.988Z] [MCP Server] },
2025-07-30 09:51:50.992 [info] [2025-07-30T16:51:50.988Z] [MCP Server] {
2025-07-30 09:51:50.992 [info] [2025-07-30T16:51:50.988Z] [MCP Server] "pattern": "\\{title\\}(?=\\s*</(?:Dialog\\.Title|h[1-6])>)",
2025-07-30 09:51:50.992 [info] [2025-07-30T16:51:50.989Z] [MCP Server] "replacement": "{title as ReactNode}"
2025-07-30 09:51:50.992 [info] [2025-07-30T16:51:50.989Z] [MCP Server] }
2025-07-30 09:51:50.992 [info] [2025-07-30T16:51:50.989Z] [MCP Server] ]
2025-07-30 09:51:50.992 [info] [2025-07-30T16:51:50.990Z] [MCP Server] }
2025-07-30 09:51:50.992 [info] [2025-07-30T16:51:50.990Z] [MCP Server] ```
2025-07-30 09:51:50.992 [info] [2025-07-30T16:51:50.990Z] [MCP Server] **Purpose:** Fix the type incompatibility by explicitly casting the title prop to ReactNode type, which is the expected type for Headless UI v2.x components.
2025-07-30 09:51:50.992 [info] [2025-07-30T16:51:50.990Z] [MCP Server] ## Expected Outcome
2025-07-30 09:51:50.992 [info] [2025-07-30T16:51:50.990Z] [MCP Server] This plan will:
2025-07-30 09:51:50.992 [info] [2025-07-30T16:51:50.990Z] [MCP Server] 1. Gather comprehensive context about the Modal component structure
2025-07-30 09:51:50.992 [info] [2025-07-30T16:51:50.991Z] [MCP Server] 2. Identify the specific type incompatibility with Headless UI v2.x
2025-07-30 09:51:50.992 [info] [2025-07-30T16:51:50.991Z] [MCP Server] 3. Apply a targeted fix that casts the title prop to the correct ReactNode type
2025-07-30 09:51:50.992 [info] [2025-07-30T16:51:50.991Z] [MCP Server] 4. Ensure the fix is applied consistently across all similar usage patterns
2025-07-30 09:51:50.992 [info] [2025-07-30T16:51:50.991Z] [MCP Server] The regex solution focuses on fixing the immediate type error by adding explicit type casting, which is a common solution for Headless UI v2.x migration where prop types have become more strict.
2025-07-30 09:51:53.031 [info] [2025-07-30T16:51:53.029Z] [MCP Server] [2025-07-30 09:51:52.952] Tool OpenFile invoked with arguments ["src/renderer/components/Modal/index.tsx"]
2025-07-30 09:51:53.031 [info] [2025-07-30T16:51:53.030Z] [MCP Server] [2025-07-30 09:51:52.976] OpenFile took 24 ms
2025-07-30 09:51:56.592 [info] [2025-07-30T16:51:56.590Z] [MCP Server] [2025-07-30 09:51:56.518] Tool SearchFileForOccurrences invoked with arguments ["src/renderer/components/Modal/index.tsx","Dialog.Title"]
2025-07-30 09:51:57.615 [info] [2025-07-30T16:51:57.614Z] [MCP Server] [2025-07-30 09:51:57.150] SearchFileForOccurrences took 631 ms
2025-07-30 09:52:03.755 [info] [2025-07-30T16:52:03.754Z] [MCP Server] [2025-07-30 09:52:03.667] Tool SearchFileForOccurrences invoked with arguments ["src/renderer/components/Modal/index.tsx","Dialog.Title className"]
2025-07-30 09:52:04.267 [info] [2025-07-30T16:52:04.265Z] [MCP Server] [2025-07-30 09:52:04.093] SearchFileForOccurrences took 425 ms
2025-07-30 09:52:11.428 [info] [2025-07-30T16:52:11.426Z] [MCP Server] [2025-07-30 09:52:11.164] Tool OpenFileLines invoked with arguments ["src/renderer/components/Modal/index.tsx",40,50]
2025-07-30 09:52:11.428 [info] [2025-07-30T16:52:11.426Z] [MCP Server] [2025-07-30 09:52:11.165] OpenFileLines took 1 ms
2025-07-30 09:52:18.569 [info] [2025-07-30T16:52:18.568Z] [MCP Server] [2025-07-30 09:52:18.351] Tool SearchFileForOccurrences invoked with arguments ["src/renderer","@headlessui/react"]
2025-07-30 09:52:19.083 [info] [2025-07-30T16:52:19.081Z] [MCP Server] [2025-07-30 09:52:18.743] SearchFileForOccurrences took 392 ms
2025-07-30 09:52:24.708 [info] [2025-07-30T16:52:24.707Z] [MCP Server] [2025-07-30 09:52:24.262] Tool SearchFileForOccurrences invoked with arguments ["src","@headlessui/react"]
2025-07-30 09:52:24.708 [info] [2025-07-30T16:52:24.707Z] [MCP Server] [2025-07-30 09:52:24.618] SearchFileForOccurrences took 356 ms
2025-07-30 09:52:30.848 [info] [2025-07-30T16:52:30.846Z] [MCP Server] [2025-07-30 09:52:30.348] Tool SearchFileForOccurrences invoked with arguments ["src","Dialog.Title"]
2025-07-30 09:52:30.848 [info] [2025-07-30T16:52:30.846Z] [MCP Server] [2025-07-30 09:52:30.721] SearchFileForOccurrences took 373 ms
2025-07-30 09:52:44.136 [info] [2025-07-30T16:52:44.133Z] [MCP Server] [2025-07-30 09:52:43.684] Tool ApplyRegexSolutions invoked with arguments ["{\u0022files\u0022: [\u0022src/renderer/components/Modal/index.tsx\u0022], \u0022replacements\u0022: [{\u0022pattern\u0022: \u0022title\\\\?: JSX\\\\.Element \\\\| string;\u0022, \u0022replacement\u0022: \u0022title?: ReactNode;\u0022}, {\u0022pattern\u0022: \u0022description\\\\?: JSX\\\\.Element \\\\| string;\u0022, \u0022replacement\u0022: \u0022description?: ReactNode;\u0022}]}"]
2025-07-30 09:52:44.136 [info] [2025-07-30T16:52:44.134Z] [MCP Server] [2025-07-30 09:52:43.694] ApplyRegexSolutions took 10 ms
2025-07-30 09:52:44.136 [info] [2025-07-30T16:52:44.135Z] [MCP Server] [2025-07-30 09:52:43.696] ApplyRegexSolutions result: Success: Updated src/renderer/components/Modal/index.tsx
2025-07-30 09:52:49.252 [info] [2025-07-30T16:52:49.250Z] [MCP Server] [2025-07-30 09:52:48.747] GetAIResponseAsync took 58039 ms
2025-07-30 09:53:18.880 [info] [2025-07-30T16:53:18.875Z] [MCP Server] [2025-07-30 09:53:18.617] New errors were introduced after applying regex. Attempting to fix 1 new error groups before continuing.
2025-07-30 09:53:18.880 [info] [2025-07-30T16:53:18.877Z] [MCP Server] [2025-07-30 09:53:18.619] Attempting to fix new error group with errors:
2025-07-30 09:53:18.880 [info] [2025-07-30T16:53:18.877Z] [MCP Server] Example 1:
2025-07-30 09:53:18.880 [info] [2025-07-30T16:53:18.877Z] [MCP Server] src/renderer/components/ModalLoader/index.tsx:11:46 - error TS2322: Type 'string | Element' is not assignable to type 'ReactNode'.
2025-07-30 09:53:18.880 [info] [2025-07-30T16:53:18.877Z] [MCP Server] Type 'Element' is not assignable to type 'ReactNode'.
2025-07-30 09:53:18.880 [info] [2025-07-30T16:53:18.877Z] [MCP Server] Property 'children' is missing in type 'ReactElement<any, any>' but required in type 'ReactPortal'.
2025-07-30 09:53:18.880 [info] [2025-07-30T16:53:18.877Z] [MCP Server] 11     <Modal isOpen={isOpen} onClose={onClose} title={title}>
2025-07-30 09:53:18.880 [info] [2025-07-30T16:53:18.877Z] [MCP Server] ~~~~~
2025-07-30 09:53:18.880 [info] [2025-07-30T16:53:18.878Z] [MCP Server] node_modules/@types/react/index.d.ts:388:9
2025-07-30 09:53:18.880 [info] [2025-07-30T16:53:18.878Z] [MCP Server] 388         children: ReactNode;
2025-07-30 09:53:18.880 [info] [2025-07-30T16:53:18.878Z] [MCP Server] ~~~~~~~~
2025-07-30 09:53:18.880 [info] [2025-07-30T16:53:18.878Z] [MCP Server] 'children' is declared here.
2025-07-30 09:53:18.880 [info] [2025-07-30T16:53:18.878Z] [MCP Server] src/renderer/components/Modal/index.tsx:7:3
2025-07-30 09:53:18.880 [info] [2025-07-30T16:53:18.878Z] [MCP Server] 7   title?: ReactNode;
2025-07-30 09:53:18.880 [info] [2025-07-30T16:53:18.879Z] [MCP Server] ~~~~~
2025-07-30 09:53:18.880 [info] [2025-07-30T16:53:18.879Z] [MCP Server] The expected type comes from property 'title' which is declared here on type 'IntrinsicAttributes & Props'
2025-07-30 09:53:32.145 [info] [2025-07-30T16:53:32.133Z] [MCP Server] [2025-07-30 09:53:31.802] GetAIResponseAsync took 13182 ms
2025-07-30 09:53:32.145 [info] [2025-07-30T16:53:32.134Z] [MCP Server] [2025-07-30 09:53:31.804] Retry develop plan response: # Plan to Fix ModalLoader Type Error
2025-07-30 09:53:32.145 [info] [2025-07-30T16:53:32.134Z] [MCP Server] ## Fix Strategy
2025-07-30 09:53:32.145 [info] [2025-07-30T16:53:32.134Z] [MCP Server] The error indicates that the `ModalLoader` component is passing a `title` prop of type `string | Element` to the `Modal` component, but the Modal now expects `ReactNode` after our previous fix. We need to examine the ModalLoader component and update its prop types to be compatible with the updated Modal component.
2025-07-30 09:53:32.145 [info] [2025-07-30T16:53:32.135Z] [MCP Server] ## Execution Plan
2025-07-30 09:53:32.145 [info] [2025-07-30T16:53:32.135Z] [MCP Server] ### Step 1: Analyze the ModalLoader Component Structure
2025-07-30 09:53:32.145 [info] [2025-07-30T16:53:32.135Z] [MCP Server] **Tool:** `OpenFile`
2025-07-30 09:53:32.145 [info] [2025-07-30T16:53:32.135Z] [MCP Server] **Arguments:** `filePath: "src/renderer/components/ModalLoader/index.tsx"`
2025-07-30 09:53:32.145 [info] [2025-07-30T16:53:32.135Z] [MCP Server] **Purpose:** Understand how the ModalLoader component is structured and how it's using the title prop.
2025-07-30 09:53:32.145 [info] [2025-07-30T16:53:32.136Z] [MCP Server] ### Step 2: Examine the Error Context Around Line 11
2025-07-30 09:53:32.145 [info] [2025-07-30T16:53:32.136Z] [MCP Server] **Tool:** `OpenFileLines`
2025-07-30 09:53:32.145 [info] [2025-07-30T16:53:32.136Z] [MCP Server] **Arguments:** `filePath: "src/renderer/components/ModalLoader/index.tsx"`, `startLine: 5`, `endLine: 15`
2025-07-30 09:53:32.145 [info] [2025-07-30T16:53:32.137Z] [MCP Server] **Purpose:** Get the exact context around the error line to understand the prop usage.
2025-07-30 09:53:32.145 [info] [2025-07-30T16:53:32.137Z] [MCP Server] ### Step 3: Search for Title Prop Definition in ModalLoader
2025-07-30 09:53:32.145 [info] [2025-07-30T16:53:32.137Z] [MCP Server] **Tool:** `SearchFileForOccurrences`
2025-07-30 09:53:32.145 [info] [2025-07-30T16:53:32.137Z] [MCP Server] **Arguments:** `filePath: "src/renderer/components/ModalLoader/index.tsx"`, `searchString: "title"`
2025-07-30 09:53:32.145 [info] [2025-07-30T16:53:32.138Z] [MCP Server] **Purpose:** Find how the title prop is defined and typed in the ModalLoader component.
2025-07-30 09:53:32.145 [info] [2025-07-30T16:53:32.138Z] [MCP Server] ### Step 4: Search for Component Interface Definition
2025-07-30 09:53:32.145 [info] [2025-07-30T16:53:32.139Z] [MCP Server] **Tool:** `SearchFileForOccurrences`
2025-07-30 09:53:32.145 [info] [2025-07-30T16:53:32.139Z] [MCP Server] **Arguments:** `filePath: "src/renderer/components/ModalLoader/index.tsx"`, `searchString: "interface"`
2025-07-30 09:53:32.145 [info] [2025-07-30T16:53:32.139Z] [MCP Server] **Purpose:** Locate the component's prop interface to understand the current title prop type.
2025-07-30 09:53:32.145 [info] [2025-07-30T16:53:32.139Z] [MCP Server] ### Step 5: Search for Other Components Using Similar Patterns
2025-07-30 09:53:32.145 [info] [2025-07-30T16:53:32.139Z] [MCP Server] **Tool:** `SearchFileForOccurrences`
2025-07-30 09:53:32.145 [info] [2025-07-30T16:53:32.139Z] [MCP Server] **Arguments:** `filePath: "src/renderer"`, `searchString: "Modal isOpen"`
2025-07-30 09:53:32.145 [info] [2025-07-30T16:53:32.140Z] [MCP Server] **Purpose:** Identify other components that might be passing incompatible props to the Modal component.
2025-07-30 09:53:32.145 [info] [2025-07-30T16:53:32.140Z] [MCP Server] ### Step 6: Apply Fix Using Regex Solutions
2025-07-30 09:53:32.145 [info] [2025-07-30T16:53:32.141Z] [MCP Server] **Tool:** `ApplyRegexSolutions`
2025-07-30 09:53:32.145 [info] [2025-07-30T16:53:32.141Z] [MCP Server] **Arguments:**
2025-07-30 09:53:32.145 [info] [2025-07-30T16:53:32.141Z] [MCP Server] ```json
2025-07-30 09:53:32.145 [info] [2025-07-30T16:53:32.141Z] [MCP Server] {
2025-07-30 09:53:32.145 [info] [2025-07-30T16:53:32.141Z] [MCP Server] "files": ["src/renderer/components/ModalLoader/index.tsx"],
2025-07-30 09:53:32.145 [info] [2025-07-30T16:53:32.141Z] [MCP Server] "replacements": [
2025-07-30 09:53:32.145 [info] [2025-07-30T16:53:32.141Z] [MCP Server] {
2025-07-30 09:53:32.145 [info] [2025-07-30T16:53:32.141Z] [MCP Server] "pattern": "title\\?: string \\| Element",
2025-07-30 09:53:32.145 [info] [2025-07-30T16:53:32.142Z] [MCP Server] "replacement": "title?: ReactNode"
2025-07-30 09:53:32.145 [info] [2025-07-30T16:53:32.142Z] [MCP Server] },
2025-07-30 09:53:32.145 [info] [2025-07-30T16:53:32.142Z] [MCP Server] {
2025-07-30 09:53:32.145 [info] [2025-07-30T16:53:32.142Z] [MCP Server] "pattern": "title\\?: JSX\\.Element \\| string",
2025-07-30 09:53:32.145 [info] [2025-07-30T16:53:32.143Z] [MCP Server] "replacement": "title?: ReactNode"
2025-07-30 09:53:32.145 [info] [2025-07-30T16:53:32.143Z] [MCP Server] }
2025-07-30 09:53:32.145 [info] [2025-07-30T16:53:32.143Z] [MCP Server] ]
2025-07-30 09:53:32.145 [info] [2025-07-30T16:53:32.143Z] [MCP Server] }
2025-07-30 09:53:32.145 [info] [2025-07-30T16:53:32.143Z] [MCP Server] ```
2025-07-30 09:53:32.145 [info] [2025-07-30T16:53:32.143Z] [MCP Server] **Purpose:** Update the title prop type in ModalLoader to use ReactNode, ensuring compatibility with the updated Modal component.
2025-07-30 09:53:32.145 [info] [2025-07-30T16:53:32.143Z] [MCP Server] ## Expected Outcome
2025-07-30 09:53:32.145 [info] [2025-07-30T16:53:32.144Z] [MCP Server] This plan will:
2025-07-30 09:53:32.145 [info] [2025-07-30T16:53:32.144Z] [MCP Server] 1. Identify the type mismatch in the ModalLoader component
2025-07-30 09:53:32.145 [info] [2025-07-30T16:53:32.144Z] [MCP Server] 2. Update the prop interface to use ReactNode instead of string | Element
2025-07-30 09:53:32.145 [info] [2025-07-30T16:53:32.144Z] [MCP Server] 3. Ensure compatibility between ModalLoader and the updated Modal component
2025-07-30 09:53:32.145 [info] [2025-07-30T16:53:32.144Z] [MCP Server] 4. Fix the TypeScript compilation error on line 11
2025-07-30 09:53:32.145 [info] [2025-07-30T16:53:32.144Z] [MCP Server] The solution focuses on aligning the prop types across components to maintain type safety while accommodating the Headless UI v2.x requirements.
2025-07-30 09:53:34.262 [info] [2025-07-30T16:53:34.261Z] [MCP Server] [2025-07-30 09:53:34.111] Tool OpenFile invoked with arguments ["src/renderer/components/ModalLoader/index.tsx"]
2025-07-30 09:53:34.262 [info] [2025-07-30T16:53:34.262Z] [MCP Server] [2025-07-30 09:53:34.113] OpenFile took 2 ms
2025-07-30 09:53:37.766 [info] [2025-07-30T16:53:37.763Z] [MCP Server] [2025-07-30 09:53:37.289] Tool OpenFileLines invoked with arguments ["src/renderer/components/ModalLoader/index.tsx",5,15]
2025-07-30 09:53:37.766 [info] [2025-07-30T16:53:37.764Z] [MCP Server] [2025-07-30 09:53:37.292] OpenFileLines took 2 ms
2025-07-30 09:53:39.821 [info] [2025-07-30T16:53:39.820Z] [MCP Server] [2025-07-30 09:53:39.742] Tool SearchFileForOccurrences invoked with arguments ["src/renderer/components/ModalLoader/index.tsx","title"]
2025-07-30 09:53:40.318 [info] [2025-07-30T16:53:40.317Z] [MCP Server] [2025-07-30 09:53:40.177] SearchFileForOccurrences took 434 ms
2025-07-30 09:53:42.878 [info] [2025-07-30T16:53:42.878Z] [MCP Server] [2025-07-30 09:53:42.817] Tool SearchFileForOccurrences invoked with arguments ["src/renderer/components/ModalLoader/index.tsx","interface"]
2025-07-30 09:53:43.391 [info] [2025-07-30T16:53:43.391Z] [MCP Server] [2025-07-30 09:53:43.197] SearchFileForOccurrences took 379 ms
2025-07-30 09:53:50.059 [info] [2025-07-30T16:53:50.058Z] [MCP Server] [2025-07-30 09:53:49.988] Tool SearchFileForOccurrences invoked with arguments ["src/renderer","Modal isOpen"]
2025-07-30 09:53:50.533 [info] [2025-07-30T16:53:50.532Z] [MCP Server] [2025-07-30 09:53:50.360] SearchFileForOccurrences took 371 ms
2025-07-30 09:53:58.723 [info] [2025-07-30T16:53:58.721Z] [MCP Server] [2025-07-30 09:53:58.273] Tool ApplyRegexSolutions invoked with arguments ["{\u0022files\u0022: [\u0022src/renderer/components/ModalLoader/index.tsx\u0022], \u0022replacements\u0022: [{\u0022pattern\u0022: \u0022import Modal from \u0027../Modal\u0027;\u0022, \u0022replacement\u0022: \u0022import Modal from \u0027../Modal\u0027;\\nimport { ReactNode } from \u0027react\u0027;\u0022}, {\u0022pattern\u0022: \u0022title: JSX\\\\.Element \\\\| string;\u0022, \u0022replacement\u0022: \u0022title: ReactNode;\u0022}]}"]
2025-07-30 09:53:58.723 [info] [2025-07-30T16:53:58.722Z] [MCP Server] [2025-07-30 09:53:58.286] ApplyRegexSolutions took 13 ms
2025-07-30 09:53:58.723 [info] [2025-07-30T16:53:58.722Z] [MCP Server] [2025-07-30 09:53:58.287] ApplyRegexSolutions result: Success: Updated src/renderer/components/ModalLoader/index.tsx
2025-07-30 09:54:01.787 [info] [2025-07-30T16:54:01.786Z] [MCP Server] [2025-07-30 09:54:01.645] GetAIResponseAsync took 29838 ms
2025-07-30 09:54:06.386 [info] [2025-07-30T16:54:06.385Z] [MCP Server] [2025-07-30 09:54:06.215] Successfully fixed original error group and all new errors introduced.
2025-07-30 09:54:07.998 [info] [2025-07-30T16:54:07.996Z] [MCP Server] [2025-07-30 09:54:07.614] GetAIResponseAsync took 1396 ms
2025-07-30 09:54:07.998 [info] [2025-07-30T16:54:07.996Z] [MCP Server] [2025-07-30 09:54:07.919] Kusto query failed while checking duplicates: Unauthorized (401-Unauthorized): . This normally represents a permanent error, and retrying is unlikely to help.
2025-07-30 09:54:07.998 [info] [2025-07-30T16:54:07.996Z] [MCP Server] Error details:
2025-07-30 09:54:07.998 [info] [2025-07-30T16:54:07.997Z] [MCP Server] DataSource='https://typescripterrors.eastus2.kusto.windows.net/v1/rest/query',
2025-07-30 09:54:07.998 [info] [2025-07-30T16:54:07.997Z] [MCP Server] DatabaseName='typescripterrors',
2025-07-30 09:54:07.998 [info] [2025-07-30T16:54:07.997Z] [MCP Server] ClientRequestId='KD2RunQuery;7693b283-c818-42f2-b5cf-68ac072674f2',
2025-07-30 09:54:07.998 [info] [2025-07-30T16:54:07.997Z] [MCP Server] ActivityId='5128b7de-9af4-4689-bbfb-0188192cba24,
2025-07-30 09:54:07.998 [info] [2025-07-30T16:54:07.997Z] [MCP Server] Timestamp='2025-07-30T16:54:07.9171619Z'.
2025-07-30 09:54:07.998 [info] [2025-07-30T16:54:07.997Z] [MCP Server] [2025-07-30 09:54:07.921] Authentication error detected. The VS Code token may have expired (30-day lifetime). Please restart VS Code or refresh the Kusto token using the 'JS/TS Upgrade: Refresh Kusto Authentication Token' command.
2025-07-30 09:54:07.998 [info] [2025-07-30T16:54:07.998Z] [MCP Server] [2025-07-30 09:54:07.923] Made progress in fixing errors. Rebuilding and regrouping remaining errors.
2025-07-30 09:54:08.429 [info] [2025-07-30T16:54:08.428Z] [MCP Server] [2025-07-30 09:54:07.921] Authentication error detected. The VS Code token may have expired (30-day lifetime). Please restart VS Code or refresh the Kusto token using the 'JS/TS Upgrade: Refresh Kusto Authentication Token' command.
2025-07-30 09:54:08.429 [info] [2025-07-30T16:54:08.428Z] [MCP Server] [2025-07-30 09:54:07.923] Made progress in fixing errors. Rebuilding and regrouping remaining errors.
2025-07-30 09:54:13.010 [info] [2025-07-30T16:54:13.008Z] [MCP Server] [2025-07-30 09:54:12.512] Temp directory C:\Users\lucygramley\AppData\Local\Temp\group_868f9a3f0fbd430596f8ac4330709003 deleted.
2025-07-30 09:54:13.010 [info] [2025-07-30T16:54:13.008Z] [MCP Server] [2025-07-30 09:54:12.514] 3 error groups left.
2025-07-30 09:54:13.010 [info] [2025-07-30T16:54:13.008Z] [MCP Server] [2025-07-30 09:54:12.514] Attempting to fix error group with errors:
2025-07-30 09:54:13.010 [info] [2025-07-30T16:54:13.008Z] [MCP Server] Example 1:
2025-07-30 09:54:13.010 [info] [2025-07-30T16:54:13.009Z] [MCP Server] src/renderer/components/Previewer/Guides/index.tsx:36:31 - error TS2554: Expected 1 arguments, but got 0.
2025-07-30 09:54:13.010 [info] [2025-07-30T16:54:13.009Z] [MCP Server] 36   const horizontalGuidesRef = useRef<Guides>();
2025-07-30 09:54:13.010 [info] [2025-07-30T16:54:13.009Z] [MCP Server] ~~~~~~
2025-07-30 09:54:13.010 [info] [2025-07-30T16:54:13.009Z] [MCP Server] node_modules/@types/react/index.d.ts:1728:24
2025-07-30 09:54:13.010 [info] [2025-07-30T16:54:13.009Z] [MCP Server] 1728     function useRef<T>(initialValue: T): RefObject<T>;
2025-07-30 09:54:13.010 [info] [2025-07-30T16:54:13.010Z] [MCP Server] ~~~~~~~~~~~~~~~
2025-07-30 09:54:13.010 [info] [2025-07-30T16:54:13.010Z] [MCP Server] An argument for 'initialValue' was not provided.
2025-07-30 09:54:29.352 [info] [2025-07-30T16:54:29.330Z] [MCP Server] [2025-07-30 09:54:29.035] GetAIResponseAsync took 16519 ms
2025-07-30 09:54:29.353 [info] [2025-07-30T16:54:29.331Z] [MCP Server] [2025-07-30 09:54:29.037] Group develop plan response: # Comprehensive Fix Plan for TypeScript Compilation Errors
2025-07-30 09:54:29.353 [info] [2025-07-30T16:54:29.331Z] [MCP Server] ## Strategy Summary
2025-07-30 09:54:29.353 [info] [2025-07-30T16:54:29.331Z] [MCP Server] The compilation error indicates that React 19's `useRef` type definitions now require an `initialValue` parameter, breaking the previous optional parameter behavior. This is a common breaking change when upgrading React versions. The fix involves updating all `useRef` calls without initial values to explicitly pass `null` or an appropriate initial value.
2025-07-30 09:54:29.353 [info] [2025-07-30T16:54:29.331Z] [MCP Server] ## Execution Plan
2025-07-30 09:54:29.353 [info] [2025-07-30T16:54:29.332Z] [MCP Server] ### Step 1: Analyze the specific error file
2025-07-30 09:54:29.353 [info] [2025-07-30T16:54:29.332Z] [MCP Server] **Tool:** `OpenFileLines`
2025-07-30 09:54:29.353 [info] [2025-07-30T16:54:29.333Z] [MCP Server] **Arguments:**
2025-07-30 09:54:29.353 [info] [2025-07-30T16:54:29.333Z] [MCP Server] - filePath: "src/renderer/components/Previewer/Guides/index.tsx"
2025-07-30 09:54:29.353 [info] [2025-07-30T16:54:29.334Z] [MCP Server] - startLine: 30
2025-07-30 09:54:29.353 [info] [2025-07-30T16:54:29.334Z] [MCP Server] - endLine: 40
2025-07-30 09:54:29.353 [info] [2025-07-30T16:54:29.334Z] [MCP Server] **Purpose:** Examine the context around line 36 to understand the `useRef` usage pattern and confirm the exact error location.
2025-07-30 09:54:29.353 [info] [2025-07-30T16:54:29.335Z] [MCP Server] ### Step 2: Search for all useRef patterns in the codebase
2025-07-30 09:54:29.353 [info] [2025-07-30T16:54:29.335Z] [MCP Server] **Tool:** `SearchFileForOccurrences`
2025-07-30 09:54:29.353 [info] [2025-07-30T16:54:29.335Z] [MCP Server] **Arguments:**
2025-07-30 09:54:29.353 [info] [2025-07-30T16:54:29.336Z] [MCP Server] - filePath: "src/renderer/components/Previewer/Guides/index.tsx"
2025-07-30 09:54:29.353 [info] [2025-07-30T16:54:29.336Z] [MCP Server] - searchString: "useRef"
2025-07-30 09:54:29.353 [info] [2025-07-30T16:54:29.336Z] [MCP Server] **Purpose:** Identify all `useRef` calls in the error file to understand the scope of changes needed.
2025-07-30 09:54:29.353 [info] [2025-07-30T16:54:29.337Z] [MCP Server] ### Step 3: Examine React types file to understand the breaking change
2025-07-30 09:54:29.353 [info] [2025-07-30T16:54:29.337Z] [MCP Server] **Tool:** `OpenFileLines`
2025-07-30 09:54:29.353 [info] [2025-07-30T16:54:29.337Z] [MCP Server] **Arguments:**
2025-07-30 09:54:29.353 [info] [2025-07-30T16:54:29.337Z] [MCP Server] - filePath: "node_modules/@types/react/index.d.ts"
2025-07-30 09:54:29.353 [info] [2025-07-30T16:54:29.338Z] [MCP Server] - startLine: 1725
2025-07-30 09:54:29.353 [info] [2025-07-30T16:54:29.338Z] [MCP Server] - endLine: 1735
2025-07-30 09:54:29.353 [info] [2025-07-30T16:54:29.338Z] [MCP Server] **Purpose:** Verify the new `useRef` signature and understand what parameters are now required.
2025-07-30 09:54:29.353 [info] [2025-07-30T16:54:29.339Z] [MCP Server] ### Step 4: Search for useRef patterns across the entire codebase
2025-07-30 09:54:29.353 [info] [2025-07-30T16:54:29.339Z] [MCP Server] **Tool:** `SearchFileForOccurrences`
2025-07-30 09:54:29.353 [info] [2025-07-30T16:54:29.339Z] [MCP Server] **Arguments:**
2025-07-30 09:54:29.353 [info] [2025-07-30T16:54:29.340Z] [MCP Server] - filePath: "src"
2025-07-30 09:54:29.353 [info] [2025-07-30T16:54:29.340Z] [MCP Server] - searchString: "useRef<"
2025-07-30 09:54:29.353 [info] [2025-07-30T16:54:29.340Z] [MCP Server] **Purpose:** This will help us understand if there are more files with similar issues beyond the reported error.
2025-07-30 09:54:29.353 [info] [2025-07-30T16:54:29.340Z] [MCP Server] ### Step 5: Examine another potential file with useRef usage
2025-07-30 09:54:29.353 [info] [2025-07-30T16:54:29.341Z] [MCP Server] **Tool:** `SearchFileForOccurrences`
2025-07-30 09:54:29.353 [info] [2025-07-30T16:54:29.341Z] [MCP Server] **Arguments:**
2025-07-30 09:54:29.353 [info] [2025-07-30T16:54:29.341Z] [MCP Server] - filePath: "src/renderer"
2025-07-30 09:54:29.353 [info] [2025-07-30T16:54:29.341Z] [MCP Server] - searchString: "useRef("
2025-07-30 09:54:29.353 [info] [2025-07-30T16:54:29.341Z] [MCP Server] **Purpose:** Find additional instances of `useRef` calls that might need fixing.
2025-07-30 09:54:29.353 [info] [2025-07-30T16:54:29.341Z] [MCP Server] ### Step 6: Check package.json to confirm React version
2025-07-30 09:54:29.353 [info] [2025-07-30T16:54:29.341Z] [MCP Server] **Tool:** `OpenFile`
2025-07-30 09:54:29.353 [info] [2025-07-30T16:54:29.342Z] [MCP Server] **Arguments:**
2025-07-30 09:54:29.353 [info] [2025-07-30T16:54:29.342Z] [MCP Server] - filePath: "package.json"
2025-07-30 09:54:29.353 [info] [2025-07-30T16:54:29.342Z] [MCP Server] **Purpose:** Verify the React version to confirm this is indeed a React 19 breaking change.
2025-07-30 09:54:29.353 [info] [2025-07-30T16:54:29.342Z] [MCP Server] ### Step 7: Apply comprehensive fix using regex
2025-07-30 09:54:29.353 [info] [2025-07-30T16:54:29.342Z] [MCP Server] **Tool:** `ApplyRegexSolutions`
2025-07-30 09:54:29.353 [info] [2025-07-30T16:54:29.342Z] [MCP Server] **Arguments:**
2025-07-30 09:54:29.353 [info] [2025-07-30T16:54:29.342Z] [MCP Server] ```json
2025-07-30 09:54:29.353 [info] [2025-07-30T16:54:29.342Z] [MCP Server] {
2025-07-30 09:54:29.353 [info] [2025-07-30T16:54:29.344Z] [MCP Server] "files": ["src/**/*.tsx", "src/**/*.ts"],
2025-07-30 09:54:29.353 [info] [2025-07-30T16:54:29.344Z] [MCP Server] "replacements": [
2025-07-30 09:54:29.353 [info] [2025-07-30T16:54:29.344Z] [MCP Server] {
2025-07-30 09:54:29.353 [info] [2025-07-30T16:54:29.345Z] [MCP Server] "pattern": "useRef<([^>]+)>\\(\\)",
2025-07-30 09:54:29.353 [info] [2025-07-30T16:54:29.345Z] [MCP Server] "replacement": "useRef<$1>(null)"
2025-07-30 09:54:29.353 [info] [2025-07-30T16:54:29.345Z] [MCP Server] },
2025-07-30 09:54:29.353 [info] [2025-07-30T16:54:29.345Z] [MCP Server] {
2025-07-30 09:54:29.353 [info] [2025-07-30T16:54:29.345Z] [MCP Server] "pattern": "useRef\\(\\)",
2025-07-30 09:54:29.353 [info] [2025-07-30T16:54:29.346Z] [MCP Server] "replacement": "useRef(null)"
2025-07-30 09:54:29.353 [info] [2025-07-30T16:54:29.346Z] [MCP Server] }
2025-07-30 09:54:29.353 [info] [2025-07-30T16:54:29.346Z] [MCP Server] ]
2025-07-30 09:54:29.353 [info] [2025-07-30T16:54:29.349Z] [MCP Server] }
2025-07-30 09:54:29.353 [info] [2025-07-30T16:54:29.349Z] [MCP Server] ```
2025-07-30 09:54:29.353 [info] [2025-07-30T16:54:29.349Z] [MCP Server] **Purpose:** Systematically fix all `useRef()` calls without initial values by adding `null` as the initial value. This addresses the React 19 breaking change where `useRef` now requires an initial value parameter.
2025-07-30 09:54:29.353 [info] [2025-07-30T16:54:29.349Z] [MCP Server] ## Expected Outcome
2025-07-30 09:54:29.353 [info] [2025-07-30T16:54:29.349Z] [MCP Server] This plan will:
2025-07-30 09:54:29.353 [info] [2025-07-30T16:54:29.350Z] [MCP Server] 1. Gather comprehensive context about the error and affected code patterns
2025-07-30 09:54:29.353 [info] [2025-07-30T16:54:29.350Z] [MCP Server] 2. Identify all instances of the problematic `useRef` usage
2025-07-30 09:54:29.353 [info] [2025-07-30T16:54:29.350Z] [MCP Server] 3. Apply a systematic fix that makes all `useRef` calls compliant with React 19's type requirements
2025-07-30 09:54:29.353 [info] [2025-07-30T16:54:29.350Z] [MCP Server] 4. Ensure the fix generates valid TypeScript code that will compile successfully
2025-07-30 09:54:29.353 [info] [2025-07-30T16:54:29.350Z] [MCP Server] The regex patterns will match:
2025-07-30 09:54:29.353 [info] [2025-07-30T16:54:29.351Z] [MCP Server] - `useRef<Type>()` → `useRef<Type>(null)`
2025-07-30 09:54:29.353 [info] [2025-07-30T16:54:29.351Z] [MCP Server] - `useRef()` → `useRef(null)`
2025-07-30 09:54:29.353 [info] [2025-07-30T16:54:29.351Z] [MCP Server] This maintains the existing functionality while satisfying the new type requirements.
2025-07-30 09:54:32.404 [info] [2025-07-30T16:54:32.401Z] [MCP Server] [2025-07-30 09:54:31.908] Tool OpenFileLines invoked with arguments ["src/renderer/components/Previewer/Guides/index.tsx",30,40]
2025-07-30 09:54:32.404 [info] [2025-07-30T16:54:32.402Z] [MCP Server] [2025-07-30 09:54:31.911] OpenFileLines took 2 ms
2025-07-30 09:54:34.956 [info] [2025-07-30T16:54:34.954Z] [MCP Server] [2025-07-30 09:54:34.871] Tool SearchFileForOccurrences invoked with arguments ["src/renderer/components/Previewer/Guides/index.tsx","useRef"]
2025-07-30 09:54:35.469 [info] [2025-07-30T16:54:35.467Z] [MCP Server] [2025-07-30 09:54:35.265] SearchFileForOccurrences took 393 ms
2025-07-30 09:54:37.992 [info] [2025-07-30T16:54:37.989Z] [MCP Server] [2025-07-30 09:54:37.872] Tool OpenFile invoked with arguments ["src/renderer/components/Previewer/Guides/index.tsx"]
2025-07-30 09:54:37.992 [info] [2025-07-30T16:54:37.990Z] [MCP Server] [2025-07-30 09:54:37.875] OpenFile took 2 ms
2025-07-30 09:54:41.011 [info] [2025-07-30T16:54:41.009Z] [MCP Server] [2025-07-30 09:54:40.885] Tool SearchFileForOccurrences invoked with arguments ["src","useRef\u003C\u0022"]
2025-07-30 09:54:41.511 [info] [2025-07-30T16:54:41.509Z] [MCP Server] [2025-07-30 09:54:41.298] SearchFileForOccurrences took 413 ms
2025-07-30 09:54:44.557 [info] [2025-07-30T16:54:44.555Z] [MCP Server] [2025-07-30 09:54:44.364] Tool SearchFileForOccurrences invoked with arguments ["src/renderer","useRef(\u0022"]
2025-07-30 09:54:45.058 [info] [2025-07-30T16:54:45.056Z] [MCP Server] [2025-07-30 09:54:44.822] SearchFileForOccurrences took 457 ms
2025-07-30 09:54:51.142 [info] [2025-07-30T16:54:51.140Z] [MCP Server] [2025-07-30 09:54:50.937] Tool SearchFileForOccurrences invoked with arguments ["src/renderer/components","useRef\u0022"]
2025-07-30 09:54:51.645 [info] [2025-07-30T16:54:51.642Z] [MCP Server] [2025-07-30 09:54:51.352] SearchFileForOccurrences took 414 ms
2025-07-30 09:54:57.743 [info] [2025-07-30T16:54:57.740Z] [MCP Server] [2025-07-30 09:54:57.236] Tool SearchFileForOccurrences invoked with arguments ["src/renderer/components/Previewer/Guides/index.tsx","useRef\u003CGuides\u003E()\u0022"]
2025-07-30 09:54:57.743 [info] [2025-07-30T16:54:57.741Z] [MCP Server] [2025-07-30 09:54:57.647] SearchFileForOccurrences took 410 ms
2025-07-30 09:55:03.835 [info] [2025-07-30T16:55:03.832Z] [MCP Server] [2025-07-30 09:55:03.446] Tool OpenFile invoked with arguments ["package.json"]
2025-07-30 09:55:03.835 [info] [2025-07-30T16:55:03.833Z] [MCP Server] [2025-07-30 09:55:03.476] OpenFile took 30 ms
2025-07-30 09:55:13.471 [info] [2025-07-30T16:55:13.467Z] [MCP Server] [2025-07-30 09:55:13.368] Tool ApplyRegexSolutions invoked with arguments ["{\u0022files\u0022: [\u0022src/**/*.tsx\u0022, \u0022src/**/*.ts\u0022], \u0022replacements\u0022: [{\u0022pattern\u0022: \u0022useRef\u003C([^\u003E]\u002B)\u003E\\\\(\\\\)\u0022, \u0022replacement\u0022: \u0022useRef\u003C$1\u003E(null)\u0022}, {\u0022pattern\u0022: \u0022useRef\\\\(\\\\)\u0022, \u0022replacement\u0022: \u0022useRef(null)\u0022}]}"]
2025-07-30 09:55:13.472 [info] [2025-07-30T16:55:13.468Z] [MCP Server] [2025-07-30 09:55:13.372] ApplyRegexSolutions took 3 ms
2025-07-30 09:55:13.472 [info] [2025-07-30T16:55:13.468Z] [MCP Server] [2025-07-30 09:55:13.375] ApplyRegexSolutions result: Error: File not found - src/**/*.tsx
2025-07-30 09:55:13.472 [info] [2025-07-30T16:55:13.469Z] [MCP Server] Error: File not found - src/**/*.ts
2025-07-30 09:55:21.056 [info] [2025-07-30T16:55:21.052Z] [MCP Server] [2025-07-30 09:55:20.677] Tool ApplyRegexSolutions invoked with arguments ["{\u0022files\u0022: [\u0022src/renderer/components/Previewer/Guides/index.tsx\u0022], \u0022replacements\u0022: [{\u0022pattern\u0022: \u0022useRef\u003C([^\u003E]\u002B)\u003E\\\\(\\\\)\u0022, \u0022replacement\u0022: \u0022useRef\u003C$1\u003E(null)\u0022}, {\u0022pattern\u0022: \u0022useRef\\\\(\\\\)\u0022, \u0022replacement\u0022: \u0022useRef(null)\u0022}]}"]
2025-07-30 09:55:21.056 [info] [2025-07-30T16:55:21.053Z] [MCP Server] [2025-07-30 09:55:20.692] ApplyRegexSolutions took 14 ms
2025-07-30 09:55:21.056 [info] [2025-07-30T16:55:21.054Z] [MCP Server] [2025-07-30 09:55:20.693] ApplyRegexSolutions result: Success: Updated src/renderer/components/Previewer/Guides/index.tsx
2025-07-30 09:55:25.136 [info] [2025-07-30T16:55:25.134Z] [MCP Server] [2025-07-30 09:55:24.672] GetAIResponseAsync took 55632 ms
2025-07-30 09:55:30.708 [info] [2025-07-30T16:55:30.707Z] [MCP Server] [2025-07-30 09:55:30.443] GetAIResponseAsync took 1430 ms
2025-07-30 09:55:31.222 [info] [2025-07-30T16:55:31.220Z] [MCP Server] [2025-07-30 09:55:30.775] Kusto query failed while checking duplicates: Unauthorized (401-Unauthorized): . This normally represents a permanent error, and retrying is unlikely to help.
2025-07-30 09:55:31.222 [info] [2025-07-30T16:55:31.220Z] [MCP Server] Error details:
2025-07-30 09:55:31.222 [info] [2025-07-30T16:55:31.220Z] [MCP Server] DataSource='https://typescripterrors.eastus2.kusto.windows.net/v1/rest/query',
2025-07-30 09:55:31.222 [info] [2025-07-30T16:55:31.220Z] [MCP Server] DatabaseName='typescripterrors',
2025-07-30 09:55:31.222 [info] [2025-07-30T16:55:31.221Z] [MCP Server] ClientRequestId='KD2RunQuery;45d15675-e393-42e6-933c-29fe7f5b1684',
2025-07-30 09:55:31.222 [info] [2025-07-30T16:55:31.221Z] [MCP Server] ActivityId='dbc66e89-92a0-49b6-bd71-3523d542be3b,
2025-07-30 09:55:31.222 [info] [2025-07-30T16:55:31.221Z] [MCP Server] Timestamp='2025-07-30T16:55:30.7739592Z'.
2025-07-30 09:55:31.222 [info] [2025-07-30T16:55:31.221Z] [MCP Server] [2025-07-30 09:55:30.777] Authentication error detected. The VS Code token may have expired (30-day lifetime). Please restart VS Code or refresh the Kusto token using the 'JS/TS Upgrade: Refresh Kusto Authentication Token' command.
2025-07-30 09:55:31.222 [info] [2025-07-30T16:55:31.221Z] [MCP Server] [2025-07-30 09:55:30.778] Made progress in fixing errors. Rebuilding and regrouping remaining errors.
2025-07-30 09:55:35.281 [info] [2025-07-30T16:55:35.272Z] [MCP Server] [2025-07-30 09:55:35.194] Temp directory C:\Users\lucygramley\AppData\Local\Temp\group_9b49d9f1dc924757937acc4b9d41195f deleted.
2025-07-30 09:55:35.281 [info] [2025-07-30T16:55:35.273Z] [MCP Server] [2025-07-30 09:55:35.196] 1 error groups left.
2025-07-30 09:55:35.281 [info] [2025-07-30T16:55:35.274Z] [MCP Server] [2025-07-30 09:55:35.197] Attempting to fix error group with errors:
2025-07-30 09:55:35.281 [info] [2025-07-30T16:55:35.274Z] [MCP Server] Example 1:
2025-07-30 09:55:35.281 [info] [2025-07-30T16:55:35.274Z] [MCP Server] src/renderer/components/Previewer/Guides/index.tsx:110:14 - error TS2786: 'Guides' cannot be used as a JSX component.
2025-07-30 09:55:35.281 [info] [2025-07-30T16:55:35.275Z] [MCP Server] Its type 'typeof Guides' is not a valid JSX element type.
2025-07-30 09:55:35.281 [info] [2025-07-30T16:55:35.275Z] [MCP Server] Types of construct signatures are incompatible.
2025-07-30 09:55:35.282 [info] [2025-07-30T16:55:35.275Z] [MCP Server] Type 'new (props: GuidesProps) => Guides' is not assignable to type 'new (props: any, context: any) => Component<any, any, any>'.
2025-07-30 09:55:35.282 [info] [2025-07-30T16:55:35.275Z] [MCP Server] Construct signature return types 'Guides' and 'Component<any, any, any>' are incompatible.
2025-07-30 09:55:35.282 [info] [2025-07-30T16:55:35.276Z] [MCP Server] The types returned by 'render()' are incompatible between these types.
2025-07-30 09:55:35.282 [info] [2025-07-30T16:55:35.276Z] [MCP Server] Type 'Element' is not assignable to type 'ReactNode'.
2025-07-30 09:55:35.282 [info] [2025-07-30T16:55:35.276Z] [MCP Server] Property 'children' is missing in type 'ReactElement<any, any>' but required in type 'ReactPortal'.
2025-07-30 09:55:35.282 [info] [2025-07-30T16:55:35.276Z] [MCP Server] 110             <Guides
2025-07-30 09:55:35.282 [info] [2025-07-30T16:55:35.277Z] [MCP Server] ~~~~~~
2025-07-30 09:55:35.282 [info] [2025-07-30T16:55:35.277Z] [MCP Server] node_modules/@types/react/index.d.ts:388:9
2025-07-30 09:55:35.282 [info] [2025-07-30T16:55:35.277Z] [MCP Server] 388         children: ReactNode;
2025-07-30 09:55:35.282 [info] [2025-07-30T16:55:35.278Z] [MCP Server] ~~~~~~~~
2025-07-30 09:55:35.282 [info] [2025-07-30T16:55:35.278Z] [MCP Server] 'children' is declared here.
2025-07-30 09:55:35.282 [info] [2025-07-30T16:55:35.278Z] [MCP Server] Example 2:
2025-07-30 09:55:35.282 [info] [2025-07-30T16:55:35.278Z] [MCP Server] src/renderer/components/Previewer/Guides/index.tsx:149:14 - error TS2786: 'Guides' cannot be used as a JSX component.
2025-07-30 09:55:35.282 [info] [2025-07-30T16:55:35.278Z] [MCP Server] Its type 'typeof Guides' is not a valid JSX element type.
2025-07-30 09:55:35.282 [info] [2025-07-30T16:55:35.279Z] [MCP Server] Types of construct signatures are incompatible.
2025-07-30 09:55:35.282 [info] [2025-07-30T16:55:35.279Z] [MCP Server] Type 'new (props: GuidesProps) => Guides' is not assignable to type 'new (props: any, context: any) => Component<any, any, any>'.
2025-07-30 09:55:35.282 [info] [2025-07-30T16:55:35.279Z] [MCP Server] Construct signature return types 'Guides' and 'Component<any, any, any>' are incompatible.
2025-07-30 09:55:35.282 [info] [2025-07-30T16:55:35.279Z] [MCP Server] The types returned by 'render()' are incompatible between these types.
2025-07-30 09:55:35.282 [info] [2025-07-30T16:55:35.280Z] [MCP Server] Type 'Element' is not assignable to type 'ReactNode'.
2025-07-30 09:55:35.282 [info] [2025-07-30T16:55:35.280Z] [MCP Server] Property 'children' is missing in type 'ReactElement<any, any>' but required in type 'ReactPortal'.
2025-07-30 09:55:35.282 [info] [2025-07-30T16:55:35.280Z] [MCP Server] 149             <Guides
2025-07-30 09:55:35.282 [info] [2025-07-30T16:55:35.280Z] [MCP Server] ~~~~~~
2025-07-30 09:55:35.282 [info] [2025-07-30T16:55:35.280Z] [MCP Server] node_modules/@types/react/index.d.ts:388:9
2025-07-30 09:55:35.282 [info] [2025-07-30T16:55:35.281Z] [MCP Server] 388         children: ReactNode;
2025-07-30 09:55:35.282 [info] [2025-07-30T16:55:35.281Z] [MCP Server] ~~~~~~~~
2025-07-30 09:55:35.282 [info] [2025-07-30T16:55:35.281Z] [MCP Server] 'children' is declared here.
2025-07-30 09:55:48.537 [info] [2025-07-30T16:55:48.510Z] [MCP Server] [2025-07-30 09:55:48.368] GetAIResponseAsync took 13170 ms
2025-07-30 09:55:48.537 [info] [2025-07-30T16:55:48.511Z] [MCP Server] [2025-07-30 09:55:48.373] Group develop plan response: # TypeScript Compilation Error Fix Plan
2025-07-30 09:55:48.537 [info] [2025-07-30T16:55:48.511Z] [MCP Server] ## Error Analysis
2025-07-30 09:55:48.537 [info] [2025-07-30T16:55:48.512Z] [MCP Server] The compilation errors indicate that React component type definitions have changed in the major React update (v18 → v19). The `Guides` component's return type `Element` is no longer compatible with the expected `ReactNode`. This is a common breaking change where React components now need to return `ReactNode` instead of `Element`.
2025-07-30 09:55:48.537 [info] [2025-07-30T16:55:48.513Z] [MCP Server] ## Root Cause
2025-07-30 09:55:48.537 [info] [2025-07-30T16:55:48.513Z] [MCP Server] - React v19 has stricter type definitions for JSX components
2025-07-30 09:55:48.537 [info] [2025-07-30T16:55:48.515Z] [MCP Server] - Component render methods must return `ReactNode` instead of `Element`
2025-07-30 09:55:48.537 [info] [2025-07-30T16:55:48.515Z] [MCP Server] - The `Guides` component class likely has a render method returning `Element`
2025-07-30 09:55:48.537 [info] [2025-07-30T16:55:48.516Z] [MCP Server] ## Fix Strategy
2025-07-30 09:55:48.537 [info] [2025-07-30T16:55:48.517Z] [MCP Server] Convert the class component to use proper React v19 type definitions by:
2025-07-30 09:55:48.537 [info] [2025-07-30T16:55:48.517Z] [MCP Server] 1. Updating the component's return type annotation
2025-07-30 09:55:48.537 [info] [2025-07-30T16:55:48.518Z] [MCP Server] 2. Ensuring proper React imports for v19 compatibility
2025-07-30 09:55:48.537 [info] [2025-07-30T16:55:48.518Z] [MCP Server] 3. Applying consistent fixes across all affected components
2025-07-30 09:55:48.537 [info] [2025-07-30T16:55:48.519Z] [MCP Server] ## Execution Plan
2025-07-30 09:55:48.537 [info] [2025-07-30T16:55:48.519Z] [MCP Server] ### Step 1: Examine the problematic component structure
2025-07-30 09:55:48.537 [info] [2025-07-30T16:55:48.520Z] [MCP Server] ```
2025-07-30 09:55:48.537 [info] [2025-07-30T16:55:48.520Z] [MCP Server] OpenFile
2025-07-30 09:55:48.537 [info] [2025-07-30T16:55:48.521Z] [MCP Server] - filePath: "src/renderer/components/Previewer/Guides/index.tsx"
2025-07-30 09:55:48.537 [info] [2025-07-30T16:55:48.521Z] [MCP Server] ```
2025-07-30 09:55:48.537 [info] [2025-07-30T16:55:48.522Z] [MCP Server] ### Step 2: Search for similar component patterns
2025-07-30 09:55:48.537 [info] [2025-07-30T16:55:48.522Z] [MCP Server] ```
2025-07-30 09:55:48.537 [info] [2025-07-30T16:55:48.523Z] [MCP Server] SearchFileForOccurrences
2025-07-30 09:55:48.537 [info] [2025-07-30T16:55:48.523Z] [MCP Server] - filePath: "src/renderer/components/Previewer/Guides/index.tsx"
2025-07-30 09:55:48.537 [info] [2025-07-30T16:55:48.523Z] [MCP Server] - searchString: "class Guides"
2025-07-30 09:55:48.537 [info] [2025-07-30T16:55:48.524Z] [MCP Server] ```
2025-07-30 09:55:48.537 [info] [2025-07-30T16:55:48.524Z] [MCP Server] ### Step 3: Locate the render method
2025-07-30 09:55:48.537 [info] [2025-07-30T16:55:48.525Z] [MCP Server] ```
2025-07-30 09:55:48.537 [info] [2025-07-30T16:55:48.526Z] [MCP Server] SearchFileForOccurrences
2025-07-30 09:55:48.537 [info] [2025-07-30T16:55:48.526Z] [MCP Server] - filePath: "src/renderer/components/Previewer/Guides/index.tsx"
2025-07-30 09:55:48.537 [info] [2025-07-30T16:55:48.526Z] [MCP Server] - searchString: "render()"
2025-07-30 09:55:48.537 [info] [2025-07-30T16:55:48.527Z] [MCP Server] ```
2025-07-30 09:55:48.537 [info] [2025-07-30T16:55:48.528Z] [MCP Server] ### Step 4: Check React imports
2025-07-30 09:55:48.537 [info] [2025-07-30T16:55:48.528Z] [MCP Server] ```
2025-07-30 09:55:48.537 [info] [2025-07-30T16:55:48.528Z] [MCP Server] SearchFileForOccurrences
2025-07-30 09:55:48.537 [info] [2025-07-30T16:55:48.529Z] [MCP Server] - filePath: "src/renderer/components/Previewer/Guides/index.tsx"
2025-07-30 09:55:48.537 [info] [2025-07-30T16:55:48.529Z] [MCP Server] - searchString: "import.*React"
2025-07-30 09:55:48.537 [info] [2025-07-30T16:55:48.529Z] [MCP Server] ```
2025-07-30 09:55:48.537 [info] [2025-07-30T16:55:48.530Z] [MCP Server] ### Step 5: Search for other components with similar issues
2025-07-30 09:55:48.537 [info] [2025-07-30T16:55:48.530Z] [MCP Server] ```
2025-07-30 09:55:48.537 [info] [2025-07-30T16:55:48.531Z] [MCP Server] SearchFileForOccurrences
2025-07-30 09:55:48.537 [info] [2025-07-30T16:55:48.531Z] [MCP Server] - filePath: "src/renderer"
2025-07-30 09:55:48.537 [info] [2025-07-30T16:55:48.531Z] [MCP Server] - searchString: "class.*Component"
2025-07-30 09:55:48.537 [info] [2025-07-30T16:55:48.531Z] [MCP Server] ```
2025-07-30 09:55:48.537 [info] [2025-07-30T16:55:48.531Z] [MCP Server] ### Step 6: Apply comprehensive fixes using regex
2025-07-30 09:55:48.537 [info] [2025-07-30T16:55:48.531Z] [MCP Server] ```
2025-07-30 09:55:48.537 [info] [2025-07-30T16:55:48.531Z] [MCP Server] ApplyRegexSolutions
2025-07-30 09:55:48.537 [info] [2025-07-30T16:55:48.531Z] [MCP Server] {
2025-07-30 09:55:48.537 [info] [2025-07-30T16:55:48.533Z] [MCP Server] "files": ["src/renderer/components/Previewer/Guides/index.tsx"],
2025-07-30 09:55:48.537 [info] [2025-07-30T16:55:48.533Z] [MCP Server] "replacements": [
2025-07-30 09:55:48.537 [info] [2025-07-30T16:55:48.533Z] [MCP Server] {
2025-07-30 09:55:48.537 [info] [2025-07-30T16:55:48.534Z] [MCP Server] "pattern": "render\\(\\):\\s*Element",
2025-07-30 09:55:48.537 [info] [2025-07-30T16:55:48.534Z] [MCP Server] "replacement": "render(): ReactNode"
2025-07-30 09:55:48.537 [info] [2025-07-30T16:55:48.534Z] [MCP Server] },
2025-07-30 09:55:48.537 [info] [2025-07-30T16:55:48.534Z] [MCP Server] {
2025-07-30 09:55:48.537 [info] [2025-07-30T16:55:48.535Z] [MCP Server] "pattern": "import\\s+React\\s*,\\s*\\{([^}]+)\\}\\s+from\\s+['\"]react['\"]",
2025-07-30 09:55:48.537 [info] [2025-07-30T16:55:48.535Z] [MCP Server] "replacement": "import React, { $1, ReactNode } from 'react'"
2025-07-30 09:55:48.537 [info] [2025-07-30T16:55:48.535Z] [MCP Server] },
2025-07-30 09:55:48.537 [info] [2025-07-30T16:55:48.535Z] [MCP Server] {
2025-07-30 09:55:48.537 [info] [2025-07-30T16:55:48.535Z] [MCP Server] "pattern": "import\\s+React\\s+from\\s+['\"]react['\"]",
2025-07-30 09:55:48.537 [info] [2025-07-30T16:55:48.535Z] [MCP Server] "replacement": "import React, { ReactNode } from 'react'"
2025-07-30 09:55:48.537 [info] [2025-07-30T16:55:48.535Z] [MCP Server] }
2025-07-30 09:55:48.537 [info] [2025-07-30T16:55:48.535Z] [MCP Server] ]
2025-07-30 09:55:48.537 [info] [2025-07-30T16:55:48.535Z] [MCP Server] }
2025-07-30 09:55:48.537 [info] [2025-07-30T16:55:48.536Z] [MCP Server] ```
2025-07-30 09:55:48.537 [info] [2025-07-30T16:55:48.537Z] [MCP Server] This plan will systematically identify and fix the React v19 compatibility issues by updating component return types and ensuring proper imports.
2025-07-30 09:55:52.497 [info] [2025-07-30T16:55:52.495Z] [MCP Server] [2025-07-30 09:55:52.079] Tool OpenFile invoked with arguments ["src/renderer/components/Previewer/Guides/index.tsx"]
2025-07-30 09:55:52.497 [info] [2025-07-30T16:55:52.496Z] [MCP Server] [2025-07-30 09:55:52.083] OpenFile took 3 ms
2025-07-30 09:56:00.098 [info] [2025-07-30T16:56:00.097Z] [MCP Server] [2025-07-30 09:55:59.795] Tool OpenFileLines invoked with arguments ["src/renderer/components/Previewer/Guides/index.tsx",105,115]
2025-07-30 09:56:00.099 [info] [2025-07-30T16:56:00.098Z] [MCP Server] [2025-07-30 09:55:59.798] OpenFileLines took 2 ms
2025-07-30 09:56:02.689 [info] [2025-07-30T16:56:02.688Z] [MCP Server] [2025-07-30 09:56:02.536] Tool OpenFileLines invoked with arguments ["src/renderer/components/Previewer/Guides/index.tsx",145,155]
2025-07-30 09:56:02.689 [info] [2025-07-30T16:56:02.688Z] [MCP Server] [2025-07-30 09:56:02.538] OpenFileLines took 2 ms
2025-07-30 09:56:10.742 [info] [2025-07-30T16:56:10.741Z] [MCP Server] [2025-07-30 09:56:10.423] Tool SearchFileForOccurrences invoked with arguments ["src/renderer/components/Previewer/Guides/index.tsx","LegacyRef"]
2025-07-30 09:56:11.253 [info] [2025-07-30T16:56:11.252Z] [MCP Server] [2025-07-30 09:56:10.898] SearchFileForOccurrences took 475 ms
2025-07-30 09:56:14.299 [info] [2025-07-30T16:56:14.297Z] [MCP Server] [2025-07-30 09:56:13.866] Tool SearchFileForOccurrences invoked with arguments ["src/renderer/components/Previewer/Guides/index.tsx","ref={.*Ref.*}"]
2025-07-30 09:56:14.299 [info] [2025-07-30T16:56:14.298Z] [MCP Server] [2025-07-30 09:56:14.214] SearchFileForOccurrences took 348 ms
2025-07-30 09:56:20.383 [info] [2025-07-30T16:56:20.382Z] [MCP Server] [2025-07-30 09:56:19.932] Tool SearchFileForOccurrences invoked with arguments ["src/renderer/components/Previewer/Guides/index.tsx","as LegacyRef"]
2025-07-30 09:56:20.893 [info] [2025-07-30T16:56:20.893Z] [MCP Server] [2025-07-30 09:56:20.388] SearchFileForOccurrences took 456 ms
2025-07-30 09:56:26.490 [info] [2025-07-30T16:56:26.488Z] [MCP Server] [2025-07-30 09:56:26.166] Tool SearchFileForOccurrences invoked with arguments ["src/renderer/components/Previewer/Guides/index.tsx","LegacyRef"]
2025-07-30 09:56:26.995 [info] [2025-07-30T16:56:26.994Z] [MCP Server] [2025-07-30 09:56:26.529] SearchFileForOccurrences took 363 ms
2025-07-30 09:56:34.081 [info] [2025-07-30T16:56:34.079Z] [MCP Server] [2025-07-30 09:56:33.775] Tool OpenFileLines invoked with arguments ["src/renderer/components/Previewer/Guides/index.tsx",110,112]
2025-07-30 09:56:34.081 [info] [2025-07-30T16:56:34.080Z] [MCP Server] [2025-07-30 09:56:33.778] OpenFileLines took 3 ms
2025-07-30 09:56:36.625 [info] [2025-07-30T16:56:36.624Z] [MCP Server] [2025-07-30 09:56:36.142] Tool OpenFileLines invoked with arguments ["src/renderer/components/Previewer/Guides/index.tsx",149,151]
2025-07-30 09:56:36.625 [info] [2025-07-30T16:56:36.625Z] [MCP Server] [2025-07-30 09:56:36.147] OpenFileLines took 4 ms
2025-07-30 09:56:48.337 [info] [2025-07-30T16:56:48.336Z] [MCP Server] [2025-07-30 09:56:48.258] Tool ApplyRegexSolutions invoked with arguments ["{\n  \u0022files\u0022: [\u0022src/renderer/components/Previewer/Guides/index.tsx\u0022],\n  \u0022replacements\u0022: [\n    {\n      \u0022pattern\u0022: \u0022ref=\\\\{horizontalGuidesRef as LegacyRef\u003CGuides\u003E\\\\}\u0022,\n      \u0022replacement\u0022: \u0022ref={horizontalGuidesRef}\u0022\n    },\n    {\n      \u0022pattern\u0022: \u0022ref=\\\\{verticalGuidesRef as LegacyRef\u003CGuides\u003E\\\\}\u0022,\n      \u0022replacement\u0022: \u0022ref={verticalGuidesRef}\u0022\n    },\n    {\n      \u0022pattern\u0022: \u0022import \\\\* as React from \u0027react\u0027;\\\\nimport Guides from \u0027@scena/react-guides\u0027;\\\\nimport \\\\{ LegacyRef, useEffect, useRef, useMemo \\\\} from \u0027react\u0027;\u0022,\n      \u0022replacement\u0022: \u0022import * as React from \u0027react\u0027;\\\\nimport Guides from \u0027@scena/react-guides\u0027;\\\\nimport { useEffect, useRef, useMemo } from \u0027react\u0027;\u0022\n    }\n  ]\n}"]
2025-07-30 09:56:48.337 [info] [2025-07-30T16:56:48.336Z] [MCP Server] [2025-07-30 09:56:48.275] ApplyRegexSolutions took 17 ms
2025-07-30 09:56:48.337 [info] [2025-07-30T16:56:48.336Z] [MCP Server] [2025-07-30 09:56:48.276] ApplyRegexSolutions result: Success: Updated src/renderer/components/Previewer/Guides/index.tsx
2025-07-30 09:56:48.779 [info] [2025-07-30T16:56:48.778Z] [MCP Server] [2025-07-30 09:56:48.276] ApplyRegexSolutions result: Success: Updated src/renderer/components/Previewer/Guides/index.tsx
2025-07-30 09:56:53.866 [info] [2025-07-30T16:56:53.865Z] [MCP Server] [2025-07-30 09:56:53.822] GetAIResponseAsync took 65442 ms
2025-07-30 09:56:58.418 [info] [2025-07-30T16:56:58.397Z] [MCP Server] [2025-07-30 09:56:58.111] New errors were introduced after applying regex. Attempting to fix 1 new error groups before continuing.
2025-07-30 09:56:58.418 [info] [2025-07-30T16:56:58.397Z] [MCP Server] [2025-07-30 09:56:58.112] Attempting to fix new error group with errors:
2025-07-30 09:56:58.419 [info] [2025-07-30T16:56:58.398Z] [MCP Server] Example 1:
2025-07-30 09:56:58.419 [info] [2025-07-30T16:56:58.398Z] [MCP Server] src/renderer/components/Previewer/Guides/index.tsx:1:32 - error TS1127: Invalid character.
2025-07-30 09:56:58.419 [info] [2025-07-30T16:56:58.398Z] [MCP Server] 1 import * as React from 'react';\nimport Guides from '@scena/react-guides';\nimport { useEffect, useRef, useMemo } from 'react';
2025-07-30 09:56:58.419 [info] [2025-07-30T16:56:58.401Z] [MCP Server] Example 2:
2025-07-30 09:56:58.419 [info] [2025-07-30T16:56:58.401Z] [MCP Server] src/renderer/components/Previewer/Guides/index.tsx:1:33 - error TS1435: Unknown keyword or identifier. Did you mean 'import'?
2025-07-30 09:56:58.419 [info] [2025-07-30T16:56:58.402Z] [MCP Server] 1 import * as React from 'react';\nimport Guides from '@scena/react-guides';\nimport { useEffect, useRef, useMemo } from 'react';
2025-07-30 09:56:58.419 [info] [2025-07-30T16:56:58.403Z] [MCP Server] ~~~~~~~
2025-07-30 09:56:58.419 [info] [2025-07-30T16:56:58.403Z] [MCP Server] Example 3:
2025-07-30 09:56:58.419 [info] [2025-07-30T16:56:58.404Z] [MCP Server] src/renderer/components/Previewer/Guides/index.tsx:1:41 - error TS1434: Unexpected keyword or identifier.
2025-07-30 09:56:58.419 [info] [2025-07-30T16:56:58.405Z] [MCP Server] 1 import * as React from 'react';\nimport Guides from '@scena/react-guides';\nimport { useEffect, useRef, useMemo } from 'react';
2025-07-30 09:56:58.419 [info] [2025-07-30T16:56:58.406Z] [MCP Server] ~~~~~~
2025-07-30 09:56:58.419 [info] [2025-07-30T16:56:58.406Z] [MCP Server] Example 4:
2025-07-30 09:56:58.419 [info] [2025-07-30T16:56:58.407Z] [MCP Server] src/renderer/components/Previewer/Guides/index.tsx:1:48 - error TS1434: Unexpected keyword or identifier.
2025-07-30 09:56:58.419 [info] [2025-07-30T16:56:58.408Z] [MCP Server] 1 import * as React from 'react';\nimport Guides from '@scena/react-guides';\nimport { useEffect, useRef, useMemo } from 'react';
2025-07-30 09:56:58.419 [info] [2025-07-30T16:56:58.408Z] [MCP Server] ~~~~
2025-07-30 09:56:58.419 [info] [2025-07-30T16:56:58.410Z] [MCP Server] Example 5:
2025-07-30 09:56:58.419 [info] [2025-07-30T16:56:58.411Z] [MCP Server] src/renderer/components/Previewer/Guides/index.tsx:1:75 - error TS1127: Invalid character.
2025-07-30 09:56:58.419 [info] [2025-07-30T16:56:58.411Z] [MCP Server] 1 import * as React from 'react';\nimport Guides from '@scena/react-guides';\nimport { useEffect, useRef, useMemo } from 'react';
2025-07-30 09:56:58.419 [info] [2025-07-30T16:56:58.413Z] [MCP Server] Example 6:
2025-07-30 09:56:58.419 [info] [2025-07-30T16:56:58.414Z] [MCP Server] src/renderer/components/Previewer/Guides/index.tsx:1:76 - error TS1435: Unknown keyword or identifier. Did you mean 'import'?
2025-07-30 09:56:58.419 [info] [2025-07-30T16:56:58.415Z] [MCP Server] 1 import * as React from 'react';\nimport Guides from '@scena/react-guides';\nimport { useEffect, useRef, useMemo } from 'react';
2025-07-30 09:56:58.419 [info] [2025-07-30T16:56:58.415Z] [MCP Server] ~~~~~~~
2025-07-30 09:56:58.419 [info] [2025-07-30T16:56:58.416Z] [MCP Server] Example 7:
2025-07-30 09:56:58.419 [info] [2025-07-30T16:56:58.416Z] [MCP Server] src/renderer/components/Previewer/Guides/index.tsx:1:115 - error TS1434: Unexpected keyword or identifier.
2025-07-30 09:56:58.419 [info] [2025-07-30T16:56:58.417Z] [MCP Server] 1 import * as React from 'react';\nimport Guides from '@scena/react-guides';\nimport { useEffect, useRef, useMemo } from 'react';
2025-07-30 09:56:58.419 [info] [2025-07-30T16:56:58.418Z] [MCP Server] ~~~~
2025-07-30 09:57:08.524 [info] [2025-07-30T16:57:08.500Z] [MCP Server] [2025-07-30 09:57:08.190] GetAIResponseAsync took 10076 ms
2025-07-30 09:57:08.524 [info] [2025-07-30T16:57:08.501Z] [MCP Server] [2025-07-30 09:57:08.194] Retry develop plan response: # Plan to Fix Import Statement Syntax Errors
2025-07-30 09:57:08.524 [info] [2025-07-30T16:57:08.502Z] [MCP Server] ## Error Analysis
2025-07-30 09:57:08.524 [info] [2025-07-30T16:57:08.503Z] [MCP Server] The regex replacement incorrectly merged multiple import statements into a single line, creating invalid syntax. The pattern matched across newlines and concatenated separate import statements with `\n` literal text instead of actual newlines.
2025-07-30 09:57:08.524 [info] [2025-07-30T16:57:08.504Z] [MCP Server] ## Root Cause
2025-07-30 09:57:08.524 [info] [2025-07-30T16:57:08.504Z] [MCP Server] The regex pattern `import \* as React from 'react';\nimport Guides from '@scena/react-guides';\nimport \{ LegacyRef, useEffect, useRef, useMemo \} from 'react';` treated `\n` as literal characters instead of newline characters, resulting in malformed code.
2025-07-30 09:57:08.524 [info] [2025-07-30T16:57:08.505Z] [MCP Server] ## Fix Strategy
2025-07-30 09:57:08.524 [info] [2025-07-30T16:57:08.506Z] [MCP Server] 1. Examine the current broken state of the file
2025-07-30 09:57:08.524 [info] [2025-07-30T16:57:08.507Z] [MCP Server] 2. Restore proper import statement structure with actual newlines
2025-07-30 09:57:08.524 [info] [2025-07-30T16:57:08.507Z] [MCP Server] 3. Remove only the `LegacyRef` import without affecting file structure
2025-07-30 09:57:08.524 [info] [2025-07-30T16:57:08.508Z] [MCP Server] ## Execution Plan
2025-07-30 09:57:08.524 [info] [2025-07-30T16:57:08.508Z] [MCP Server] ### Step 1: Examine the current broken import section
2025-07-30 09:57:08.524 [info] [2025-07-30T16:57:08.509Z] [MCP Server] ```
2025-07-30 09:57:08.524 [info] [2025-07-30T16:57:08.510Z] [MCP Server] OpenFileLines
2025-07-30 09:57:08.524 [info] [2025-07-30T16:57:08.511Z] [MCP Server] - filePath: "src/renderer/components/Previewer/Guides/index.tsx"
2025-07-30 09:57:08.524 [info] [2025-07-30T16:57:08.511Z] [MCP Server] - startLine: 1
2025-07-30 09:57:08.524 [info] [2025-07-30T16:57:08.512Z] [MCP Server] - endLine: 10
2025-07-30 09:57:08.524 [info] [2025-07-30T16:57:08.513Z] [MCP Server] ```
2025-07-30 09:57:08.524 [info] [2025-07-30T16:57:08.514Z] [MCP Server] ### Step 2: Apply targeted fix to restore proper import structure
2025-07-30 09:57:08.524 [info] [2025-07-30T16:57:08.516Z] [MCP Server] ```
2025-07-30 09:57:08.524 [info] [2025-07-30T16:57:08.517Z] [MCP Server] ApplyRegexSolutions
2025-07-30 09:57:08.524 [info] [2025-07-30T16:57:08.517Z] [MCP Server] {
2025-07-30 09:57:08.524 [info] [2025-07-30T16:57:08.518Z] [MCP Server] "files": ["src/renderer/components/Previewer/Guides/index.tsx"],
2025-07-30 09:57:08.524 [info] [2025-07-30T16:57:08.519Z] [MCP Server] "replacements": [
2025-07-30 09:57:08.524 [info] [2025-07-30T16:57:08.519Z] [MCP Server] {
2025-07-30 09:57:08.524 [info] [2025-07-30T16:57:08.520Z] [MCP Server] "pattern": "import \\* as React from 'react';\\\\nimport Guides from '@scena/react-guides';\\\\nimport \\{ useEffect, useRef, useMemo \\} from 'react';",
2025-07-30 09:57:08.524 [info] [2025-07-30T16:57:08.520Z] [MCP Server] "replacement": "import * as React from 'react';\nimport Guides from '@scena/react-guides';\nimport { useEffect, useRef, useMemo } from 'react';"
2025-07-30 09:57:08.524 [info] [2025-07-30T16:57:08.521Z] [MCP Server] }
2025-07-30 09:57:08.524 [info] [2025-07-30T16:57:08.522Z] [MCP Server] ]
2025-07-30 09:57:08.524 [info] [2025-07-30T16:57:08.522Z] [MCP Server] }
2025-07-30 09:57:08.524 [info] [2025-07-30T16:57:08.523Z] [MCP Server] ```
2025-07-30 09:57:08.524 [info] [2025-07-30T16:57:08.523Z] [MCP Server] This plan will restore the proper import statement structure by replacing the malformed single-line imports with properly formatted multi-line imports, while maintaining the removal of the `LegacyRef` import.
2025-07-30 09:57:11.545 [info] [2025-07-30T16:57:11.544Z] [MCP Server] [2025-07-30 09:57:11.295] Tool OpenFileLines invoked with arguments ["src/renderer/components/Previewer/Guides/index.tsx",1,10]
2025-07-30 09:57:11.545 [info] [2025-07-30T16:57:11.544Z] [MCP Server] [2025-07-30 09:57:11.299] OpenFileLines took 4 ms
2025-07-30 09:57:20.138 [info] [2025-07-30T16:57:20.136Z] [MCP Server] [2025-07-30 09:57:19.962] Tool ApplyRegexSolutions invoked with arguments ["{\n  \u0022files\u0022: [\u0022src/renderer/components/Previewer/Guides/index.tsx\u0022],\n  \u0022replacements\u0022: [\n    {\n      \u0022pattern\u0022: \u0022import \\\\* as React from \u0027react\u0027;\\\\\\\\nimport Guides from \u0027@scena/react-guides\u0027;\\\\\\\\nimport \\\\{ useEffect, useRef, useMemo \\\\} from \u0027react\u0027;\u0022,\n      \u0022replacement\u0022: \u0022import * as React from \u0027react\u0027;\\nimport Guides from \u0027@scena/react-guides\u0027;\\nimport { useEffect, useRef, useMemo } from \u0027react\u0027;\u0022\n    }\n  ]\n}"]
2025-07-30 09:57:20.138 [info] [2025-07-30T16:57:20.137Z] [MCP Server] [2025-07-30 09:57:19.979] ApplyRegexSolutions took 16 ms
2025-07-30 09:57:20.138 [info] [2025-07-30T16:57:20.137Z] [MCP Server] [2025-07-30 09:57:19.981] ApplyRegexSolutions result: Success: Updated src/renderer/components/Previewer/Guides/index.tsx
2025-07-30 09:57:23.670 [info] [2025-07-30T16:57:23.670Z] [MCP Server] [2025-07-30 09:57:23.229] GetAIResponseAsync took 15031 ms
2025-07-30 09:57:28.255 [info] [2025-07-30T16:57:28.240Z] [MCP Server] [2025-07-30 09:57:27.740] Failed to fix new error group. Reverting all changes from this attempt.
2025-07-30 09:57:28.255 [info] [2025-07-30T16:57:28.241Z] [MCP Server] [2025-07-30 09:57:27.742] Restored modified files to their original state.
2025-07-30 09:57:28.255 [info] [2025-07-30T16:57:28.242Z] [MCP Server] [2025-07-30 09:57:27.744] Attempting to fix individual error
2025-07-30 09:57:28.255 [info] [2025-07-30T16:57:28.243Z] [MCP Server] src/renderer/components/Previewer/Guides/index.tsx:110:14 - error TS2786: 'Guides' cannot be used as a JSX component.
2025-07-30 09:57:28.255 [info] [2025-07-30T16:57:28.243Z] [MCP Server] Its type 'typeof Guides' is not a valid JSX element type.
2025-07-30 09:57:28.255 [info] [2025-07-30T16:57:28.244Z] [MCP Server] Types of construct signatures are incompatible.
2025-07-30 09:57:28.255 [info] [2025-07-30T16:57:28.244Z] [MCP Server] Type 'new (props: GuidesProps) => Guides' is not assignable to type 'new (props: any, context: any) => Component<any, any, any>'.
2025-07-30 09:57:28.255 [info] [2025-07-30T16:57:28.245Z] [MCP Server] Construct signature return types 'Guides' and 'Component<any, any, any>' are incompatible.
2025-07-30 09:57:28.255 [info] [2025-07-30T16:57:28.245Z] [MCP Server] The types returned by 'render()' are incompatible between these types.
2025-07-30 09:57:28.255 [info] [2025-07-30T16:57:28.246Z] [MCP Server] Type 'Element' is not assignable to type 'ReactNode'.
2025-07-30 09:57:28.255 [info] [2025-07-30T16:57:28.247Z] [MCP Server] Property 'children' is missing in type 'ReactElement<any, any>' but required in type 'ReactPortal'.
2025-07-30 09:57:28.255 [info] [2025-07-30T16:57:28.248Z] [MCP Server] 110             <Guides
2025-07-30 09:57:28.255 [info] [2025-07-30T16:57:28.251Z] [MCP Server] ~~~~~~
2025-07-30 09:57:28.255 [info] [2025-07-30T16:57:28.251Z] [MCP Server] node_modules/@types/react/index.d.ts:388:9
2025-07-30 09:57:28.255 [info] [2025-07-30T16:57:28.252Z] [MCP Server] 388         children: ReactNode;
2025-07-30 09:57:28.255 [info] [2025-07-30T16:57:28.252Z] [MCP Server] ~~~~~~~~
2025-07-30 09:57:28.255 [info] [2025-07-30T16:57:28.252Z] [MCP Server] 'children' is declared here.
2025-07-30 09:57:41.466 [info] [2025-07-30T16:57:41.447Z] [MCP Server] [2025-07-30 09:57:40.938] GetAIResponseAsync took 13193 ms
2025-07-30 09:57:41.466 [info] [2025-07-30T16:57:41.448Z] [MCP Server] [2025-07-30 09:57:40.942] Individual develop plan response: # Fix Strategy: React 19 JSX Component Type Compatibility
2025-07-30 09:57:41.466 [info] [2025-07-30T16:57:41.448Z] [MCP Server] The error indicates that the `Guides` component's return type is incompatible with React 19's stricter JSX type requirements. The component returns `Element` but React 19 expects `ReactNode`. This is a common breaking change when upgrading to React 19.
2025-07-30 09:57:41.466 [info] [2025-07-30T16:57:41.449Z] [MCP Server] ## Detailed Fix Plan
2025-07-30 09:57:41.466 [info] [2025-07-30T16:57:41.449Z] [MCP Server] ### Step 1: Examine the error location and component structure
2025-07-30 09:57:41.466 [info] [2025-07-30T16:57:41.449Z] [MCP Server] ```
2025-07-30 09:57:41.466 [info] [2025-07-30T16:57:41.449Z] [MCP Server] OpenFileLines("src/renderer/components/Previewer/Guides/index.tsx", 105, 115)
2025-07-30 09:57:41.466 [info] [2025-07-30T16:57:41.450Z] [MCP Server] ```
2025-07-30 09:57:41.466 [info] [2025-07-30T16:57:41.450Z] [MCP Server] - View the exact line causing the error and surrounding context
2025-07-30 09:57:41.466 [info] [2025-07-30T16:57:41.450Z] [MCP Server] - Understand how the Guides component is being used
2025-07-30 09:57:41.466 [info] [2025-07-30T16:57:41.450Z] [MCP Server] ### Step 2: Analyze the Guides component definition
2025-07-30 09:57:41.466 [info] [2025-07-30T16:57:41.451Z] [MCP Server] ```
2025-07-30 09:57:41.466 [info] [2025-07-30T16:57:41.451Z] [MCP Server] SearchFileForOccurrences("src/renderer/components/Previewer/Guides/index.tsx", "class Guides")
2025-07-30 09:57:41.466 [info] [2025-07-30T16:57:41.451Z] [MCP Server] ```
2025-07-30 09:57:41.466 [info] [2025-07-30T16:57:41.453Z] [MCP Server] - Locate the Guides class definition to understand its structure
2025-07-30 09:57:41.466 [info] [2025-07-30T16:57:41.454Z] [MCP Server] ### Step 3: Examine the render method implementation
2025-07-30 09:57:41.466 [info] [2025-07-30T16:57:41.454Z] [MCP Server] ```
2025-07-30 09:57:41.466 [info] [2025-07-30T16:57:41.454Z] [MCP Server] SearchFileForOccurrences("src/renderer/components/Previewer/Guides/index.tsx", "render()")
2025-07-30 09:57:41.466 [info] [2025-07-30T16:57:41.455Z] [MCP Server] ```
2025-07-30 09:57:41.466 [info] [2025-07-30T16:57:41.455Z] [MCP Server] - Find the render method that's returning incompatible types
2025-07-30 09:57:41.466 [info] [2025-07-30T16:57:41.455Z] [MCP Server] ### Step 4: View the complete Guides component implementation
2025-07-30 09:57:41.466 [info] [2025-07-30T16:57:41.456Z] [MCP Server] ```
2025-07-30 09:57:41.466 [info] [2025-07-30T16:57:41.456Z] [MCP Server] OpenFile("src/renderer/components/Previewer/Guides/index.tsx")
2025-07-30 09:57:41.466 [info] [2025-07-30T16:57:41.457Z] [MCP Server] ```
2025-07-30 09:57:41.466 [info] [2025-07-30T16:57:41.457Z] [MCP Server] - Get full context of the component to understand the complete structure
2025-07-30 09:57:41.466 [info] [2025-07-30T16:57:41.457Z] [MCP Server] ### Step 5: Check for React imports and type definitions
2025-07-30 09:57:41.466 [info] [2025-07-30T16:57:41.458Z] [MCP Server] ```
2025-07-30 09:57:41.466 [info] [2025-07-30T16:57:41.458Z] [MCP Server] SearchFileForOccurrences("src/renderer/components/Previewer/Guides/index.tsx", "import")
2025-07-30 09:57:41.466 [info] [2025-07-30T16:57:41.458Z] [MCP Server] ```
2025-07-30 09:57:41.466 [info] [2025-07-30T16:57:41.459Z] [MCP Server] - Verify current React imports and identify what needs to be updated
2025-07-30 09:57:41.466 [info] [2025-07-30T16:57:41.459Z] [MCP Server] ### Step 6: Examine the render method's return type annotation
2025-07-30 09:57:41.466 [info] [2025-07-30T16:57:41.460Z] [MCP Server] ```
2025-07-30 09:57:41.466 [info] [2025-07-30T16:57:41.460Z] [MCP Server] OpenFileLines("src/renderer/components/Previewer/Guides/index.tsx", "[line_range_around_render_method]", "[end_line]")
2025-07-30 09:57:41.466 [info] [2025-07-30T16:57:41.460Z] [MCP Server] ```
2025-07-30 09:57:41.466 [info] [2025-07-30T16:57:41.460Z] [MCP Server] - View the specific render method implementation (line numbers determined from previous steps)
2025-07-30 09:57:41.466 [info] [2025-07-30T16:57:41.461Z] [MCP Server] ### Step 7: Apply the fix using ApplyPatch
2025-07-30 09:57:41.466 [info] [2025-07-30T16:57:41.461Z] [MCP Server] ```
2025-07-30 09:57:41.466 [info] [2025-07-30T16:57:41.461Z] [MCP Server] ApplyPatch with changes to:
2025-07-30 09:57:41.466 [info] [2025-07-30T16:57:41.462Z] [MCP Server] - Update render method return type from Element to ReactNode
2025-07-30 09:57:41.466 [info] [2025-07-30T16:57:41.462Z] [MCP Server] - Ensure proper React 19 compatibility
2025-07-30 09:57:41.466 [info] [2025-07-30T16:57:41.463Z] [MCP Server] - Maintain existing functionality
2025-07-30 09:57:41.466 [info] [2025-07-30T16:57:41.463Z] [MCP Server] ```
2025-07-30 09:57:41.466 [info] [2025-07-30T16:57:41.463Z] [MCP Server] ## Expected Solution Pattern
2025-07-30 09:57:41.466 [info] [2025-07-30T16:57:41.463Z] [MCP Server] The fix will likely involve:
2025-07-30 09:57:41.466 [info] [2025-07-30T16:57:41.464Z] [MCP Server] 1. Updating the render method's return type annotation from `Element` to `ReactNode`
2025-07-30 09:57:41.466 [info] [2025-07-30T16:57:41.464Z] [MCP Server] 2. Possibly updating React imports if using legacy import patterns
2025-07-30 09:57:41.466 [info] [2025-07-30T16:57:41.464Z] [MCP Server] 3. Ensuring the component extends the correct React.Component base class
2025-07-30 09:57:41.466 [info] [2025-07-30T16:57:41.464Z] [MCP Server] This addresses the React 19 breaking change where JSX component return types became more strictly typed, requiring `ReactNode` instead of the more specific `Element` type.
2025-07-30 09:57:43.985 [info] [2025-07-30T16:57:43.983Z] [MCP Server] [2025-07-30 09:57:43.684] Tool OpenFileLines invoked with arguments ["src/renderer/components/Previewer/Guides/index.tsx",105,115]
2025-07-30 09:57:43.986 [info] [2025-07-30T16:57:43.984Z] [MCP Server] [2025-07-30 09:57:43.716] OpenFileLines took 31 ms
2025-07-30 09:57:47.039 [info] [2025-07-30T16:57:47.037Z] [MCP Server] [2025-07-30 09:57:46.562] Tool SearchFileForOccurrences invoked with arguments ["src/renderer/components/Previewer/Guides/index.tsx","class Guides"]
2025-07-30 09:57:47.039 [info] [2025-07-30T16:57:47.037Z] [MCP Server] [2025-07-30 09:57:46.973] SearchFileForOccurrences took 410 ms
2025-07-30 09:57:50.082 [info] [2025-07-30T16:57:50.079Z] [MCP Server] [2025-07-30 09:57:49.656] Tool SearchFileForOccurrences invoked with arguments ["src/renderer/components/Previewer/Guides/index.tsx","export class Guides"]
2025-07-30 09:57:50.082 [info] [2025-07-30T16:57:50.080Z] [MCP Server] [2025-07-30 09:57:50.027] SearchFileForOccurrences took 370 ms
2025-07-30 09:57:53.142 [info] [2025-07-30T16:57:53.140Z] [MCP Server] [2025-07-30 09:57:52.811] Tool SearchFileForOccurrences invoked with arguments ["src/renderer/components/Previewer/Guides/index.tsx","Guides ="]
2025-07-30 09:57:53.646 [info] [2025-07-30T16:57:53.645Z] [MCP Server] [2025-07-30 09:57:53.215] SearchFileForOccurrences took 404 ms
2025-07-30 09:57:56.202 [info] [2025-07-30T16:57:56.200Z] [MCP Server] [2025-07-30 09:57:55.735] Tool OpenFile invoked with arguments ["src/renderer/components/Previewer/Guides/index.tsx"]
2025-07-30 09:57:56.202 [info] [2025-07-30T16:57:56.201Z] [MCP Server] [2025-07-30 09:57:55.739] OpenFile took 3 ms
2025-07-30 09:57:59.247 [info] [2025-07-30T16:57:59.245Z] [MCP Server] [2025-07-30 09:57:58.875] Tool SearchFileForOccurrences invoked with arguments ["src/renderer/components/Previewer/Guides/index.tsx","import Guides from"]
2025-07-30 09:57:59.750 [info] [2025-07-30T16:57:59.748Z] [MCP Server] [2025-07-30 09:57:59.292] SearchFileForOccurrences took 416 ms
2025-07-30 09:58:02.815 [info] [2025-07-30T16:58:02.813Z] [MCP Server] [2025-07-30 09:58:02.734] Tool SearchFileForOccurrences invoked with arguments ["src/renderer/components/Previewer/Guides/index.tsx","@scena/react-guides"]
2025-07-30 09:58:03.323 [info] [2025-07-30T16:58:03.322Z] [MCP Server] [2025-07-30 09:58:03.147] SearchFileForOccurrences took 413 ms
2025-07-30 09:58:06.351 [info] [2025-07-30T16:58:06.349Z] [MCP Server] [2025-07-30 09:58:05.983] Tool SearchFileForOccurrences invoked with arguments ["src/renderer/components/Previewer/Guides/index.tsx","react-guides"]
2025-07-30 09:58:06.351 [info] [2025-07-30T16:58:06.349Z] [MCP Server] [2025-07-30 09:58:06.321] SearchFileForOccurrences took 337 ms
2025-07-30 09:58:13.951 [info] [2025-07-30T16:58:13.947Z] [MCP Server] [2025-07-30 09:58:13.509] Tool SearchFileForOccurrences invoked with arguments ["src/renderer/components/Previewer/Guides/index.tsx","import * as React"]
2025-07-30 09:58:13.951 [info] [2025-07-30T16:58:13.949Z] [MCP Server] [2025-07-30 09:58:13.885] SearchFileForOccurrences took 375 ms
2025-07-30 09:58:24.056 [info] [2025-07-30T16:58:24.053Z] [MCP Server] [2025-07-30 09:58:23.693] Tool ApplyPatch invoked with arguments ["*** Begin Patch\n=== src/renderer/components/Previewer/Guides/index.tsx\n~~~ 2\n-import Guides from \u0027@scena/react-guides\u0027;\n\u002Bimport GuidesBase from \u0027@scena/react-guides\u0027;\n\u002B\n\u002B// React 19 compatibility: Cast the component to proper JSX element type\n\u002Bconst Guides = GuidesBase as React.ComponentType\u003Cany\u003E;\n*** End Patch"]
2025-07-30 09:58:24.056 [info] [2025-07-30T16:58:24.053Z] [MCP Server] [2025-07-30 09:58:23.706] ApplyPatch took 13 ms
2025-07-30 09:58:24.056 [info] [2025-07-30T16:58:24.054Z] [MCP Server] [2025-07-30 09:58:23.708] ApplyPatch result: Patch applied successfully.
2025-07-30 09:58:26.083 [info] [2025-07-30T16:58:26.081Z] [MCP Server] [2025-07-30 09:58:25.573] Index out of range error on attempt 1: Index was out of range. Must be non-negative and less than the size of the collection. (Parameter 'index')
2025-07-30 09:58:32.696 [info] [2025-07-30T16:58:32.688Z] [MCP Server] [2025-07-30 09:58:32.243] Tool ApplyPatch invoked with arguments ["*** Begin Patch\n=== src/renderer/components/Previewer/Guides/index.tsx\n~~~ 2\n-import Guides from \u0027@scena/react-guides\u0027;\n\u002Bimport GuidesComponent from \u0027@scena/react-guides\u0027;\n~~~ 3\n-import { LegacyRef, useEffect, useRef, useMemo } from \u0027react\u0027;\n\u002Bimport { LegacyRef, useEffect, useRef, useMemo, ComponentType } from \u0027react\u0027;\n~~~ 4\n\u002B\n\u002Bconst Guides = GuidesComponent as ComponentType\u003Cany\u003E;\n\u002B\n*** End Patch"]
2025-07-30 09:58:32.696 [info] [2025-07-30T16:58:32.688Z] [MCP Server] [2025-07-30 09:58:32.248] ApplyPatch took 5 ms
2025-07-30 09:58:32.696 [info] [2025-07-30T16:58:32.689Z] [MCP Server] [2025-07-30 09:58:32.250] ApplyPatch result: Patch failed: Patch mismatch at src/renderer/components/Previewer/Guides/index.tsx:1.
2025-07-30 09:58:32.696 [info] [2025-07-30T16:58:32.691Z] [MCP Server] TROUBLESHOOTING:
2025-07-30 09:58:32.696 [info] [2025-07-30T16:58:32.691Z] [MCP Server] 1. Use OpenFileLines to verify current file content
2025-07-30 09:58:32.696 [info] [2025-07-30T16:58:32.692Z] [MCP Server] 2. Ensure removed lines match exactly (including whitespace)
2025-07-30 09:58:32.696 [info] [2025-07-30T16:58:32.692Z] [MCP Server] 3. Verify line numbers are absolute file positions, not relative to OpenFileLines output
2025-07-30 09:58:32.696 [info] [2025-07-30T16:58:32.693Z] [MCP Server] 4. Check that the file hasn't been modified since you last read it
2025-07-30 09:58:32.696 [info] [2025-07-30T16:58:32.694Z] [MCP Server] Example: If OpenFileLines(file, 10, 20) shows content, and you want to modify line 12, use '~~~ 12', not '~~~ 3'
2025-07-30 09:58:38.256 [info] [2025-07-30T16:58:38.254Z] [MCP Server] [2025-07-30 09:58:38.106] Tool OpenFileLines invoked with arguments ["src/renderer/components/Previewer/Guides/index.tsx",1,10]
2025-07-30 09:58:38.256 [info] [2025-07-30T16:58:38.254Z] [MCP Server] [2025-07-30 09:58:38.110] OpenFileLines took 3 ms
2025-07-30 09:58:44.844 [info] [2025-07-30T16:58:44.840Z] [MCP Server] [2025-07-30 09:58:44.539] Tool OpenFileLines invoked with arguments ["src/renderer/components/Previewer/Guides/index.tsx",1,35]
2025-07-30 09:58:44.844 [info] [2025-07-30T16:58:44.842Z] [MCP Server] [2025-07-30 09:58:44.563] OpenFileLines took 24 ms
2025-07-30 09:58:55.950 [info] [2025-07-30T16:58:55.948Z] [MCP Server] [2025-07-30 09:58:55.535] Tool ApplyPatch invoked with arguments ["*** Begin Patch\n=== src/renderer/components/Previewer/Guides/index.tsx\n~~~ 1\n-import * as React from \u0027react\u0027;\n-import GuidesBase from \u0027@scena/react-guides\u0027;\n-\n-// React 19 compatibility: Cast the component to proper JSX element type\n-const Guides = GuidesBase as React.ComponentType\u003Cany\u003E;\n-import { LegacyRef, useEffect, useRef, useMemo } from \u0027react\u0027;\n\u002Bimport * as React from \u0027react\u0027;\n\u002Bimport { LegacyRef, useEffect, useRef, useMemo } from \u0027react\u0027;\n\u002Bimport GuidesBase from \u0027@scena/react-guides\u0027;\n\u002B\n\u002B// React 19 compatibility: Cast the component to proper JSX element type\n\u002Bconst Guides = GuidesBase as React.ComponentType\u003Cany\u003E;\n*** End Patch"]
2025-07-30 09:58:55.950 [info] [2025-07-30T16:58:55.948Z] [MCP Server] [2025-07-30 09:58:55.538] ApplyPatch took 3 ms
2025-07-30 09:58:55.950 [info] [2025-07-30T16:58:55.949Z] [MCP Server] [2025-07-30 09:58:55.539] ApplyPatch result: Patch applied successfully.
2025-07-30 09:58:57.977 [info] [2025-07-30T16:58:57.975Z] [MCP Server] [2025-07-30 09:58:57.867] Index out of range error on attempt 2: Index was out of range. Must be non-negative and less than the size of the collection. (Parameter 'index')
2025-07-30 09:59:07.085 [info] [2025-07-30T16:59:07.079Z] [MCP Server] [2025-07-30 09:59:06.742] Tool ApplyPatch invoked with arguments ["*** Begin Patch\n=== src/renderer/components/Previewer/Guides/index.tsx\n~~~ 1\n-import * as React from \u0027react\u0027;\n-import GuidesBase from \u0027@scena/react-guides\u0027;\n-\n-// React 19 compatibility: Cast the component to proper JSX element type\n-const Guides = GuidesBase as React.ComponentType\u003Cany\u003E;\n-import { LegacyRef, useEffect, useRef, useMemo } from \u0027react\u0027;\n\u002Bimport * as React from \u0027react\u0027;\n\u002Bimport { LegacyRef, useEffect, useRef, useMemo } from \u0027react\u0027;\n\u002Bimport GuidesBase from \u0027@scena/react-guides\u0027;\n\u002B\n\u002B// React 19 compatibility: Cast the component to proper JSX element type\n\u002Bconst Guides = GuidesBase as React.ComponentType\u003Cany\u003E;\n*** End Patch"]
2025-07-30 09:59:07.085 [info] [2025-07-30T16:59:07.080Z] [MCP Server] [2025-07-30 09:59:06.746] ApplyPatch took 3 ms
2025-07-30 09:59:07.085 [info] [2025-07-30T16:59:07.081Z] [MCP Server] [2025-07-30 09:59:06.748] ApplyPatch result: Patch failed: Patch mismatch at src/renderer/components/Previewer/Guides/index.tsx:0.
2025-07-30 09:59:07.085 [info] [2025-07-30T16:59:07.081Z] [MCP Server] TROUBLESHOOTING:
2025-07-30 09:59:07.085 [info] [2025-07-30T16:59:07.082Z] [MCP Server] 1. Use OpenFileLines to verify current file content
2025-07-30 09:59:07.085 [info] [2025-07-30T16:59:07.083Z] [MCP Server] 2. Ensure removed lines match exactly (including whitespace)
2025-07-30 09:59:07.085 [info] [2025-07-30T16:59:07.083Z] [MCP Server] 3. Verify line numbers are absolute file positions, not relative to OpenFileLines output
2025-07-30 09:59:07.085 [info] [2025-07-30T16:59:07.083Z] [MCP Server] 4. Check that the file hasn't been modified since you last read it
2025-07-30 09:59:07.085 [info] [2025-07-30T16:59:07.084Z] [MCP Server] Example: If OpenFileLines(file, 10, 20) shows content, and you want to modify line 12, use '~~~ 12', not '~~~ 3'
2025-07-30 09:59:12.663 [info] [2025-07-30T16:59:12.662Z] [MCP Server] [2025-07-30 09:59:12.448] Tool OpenFileLines invoked with arguments ["src/renderer/components/Previewer/Guides/index.tsx",1,8]
2025-07-30 09:59:12.663 [info] [2025-07-30T16:59:12.662Z] [MCP Server] [2025-07-30 09:59:12.450] OpenFileLines took 2 ms
2025-07-30 09:59:18.732 [info] [2025-07-30T16:59:18.731Z] [MCP Server] [2025-07-30 09:59:18.522] GetAIResponseAsync took 97578 ms
2025-07-30 09:59:22.779 [info] [2025-07-30T16:59:22.767Z] [MCP Server] [2025-07-30 09:59:22.668] New errors introduced. Attempting to correct those errors before moving on.
2025-07-30 09:59:22.779 [info] [2025-07-30T16:59:22.769Z] [MCP Server] src/renderer/components/Previewer/Guides/index.tsx:39:38 - error TS2749: 'Guides' refers to a value, but is being used as a type here. Did you mean 'typeof Guides'?
2025-07-30 09:59:22.779 [info] [2025-07-30T16:59:22.770Z] [MCP Server] 39   const horizontalGuidesRef = useRef<Guides>(null);
2025-07-30 09:59:22.779 [info] [2025-07-30T16:59:22.770Z] [MCP Server] ~~~~~~
2025-07-30 09:59:22.779 [info] [2025-07-30T16:59:22.770Z] [MCP Server] src/renderer/components/Previewer/Guides/index.tsx:40:36 - error TS2749: 'Guides' refers to a value, but is being used as a type here. Did you mean 'typeof Guides'?
2025-07-30 09:59:22.779 [info] [2025-07-30T16:59:22.771Z] [MCP Server] 40   const verticalGuidesRef = useRef<Guides>(null);
2025-07-30 09:59:22.779 [info] [2025-07-30T16:59:22.771Z] [MCP Server] ~~~~~~
2025-07-30 09:59:22.779 [info] [2025-07-30T16:59:22.771Z] [MCP Server] src/renderer/components/Previewer/Guides/index.tsx:114:53 - error TS2749: 'Guides' refers to a value, but is being used as a type here. Did you mean 'typeof Guides'?
2025-07-30 09:59:22.779 [info] [2025-07-30T16:59:22.772Z] [MCP Server] 114               ref={horizontalGuidesRef as LegacyRef<Guides>}
2025-07-30 09:59:22.779 [info] [2025-07-30T16:59:22.773Z] [MCP Server] ~~~~~~
2025-07-30 09:59:22.779 [info] [2025-07-30T16:59:22.774Z] [MCP Server] src/renderer/components/Previewer/Guides/index.tsx:134:34 - error TS7031: Binding element 'guides' implicitly has an 'any' type.
2025-07-30 09:59:22.779 [info] [2025-07-30T16:59:22.774Z] [MCP Server] 134               onChangeGuides={({ guides }) => {
2025-07-30 09:59:22.779 [info] [2025-07-30T16:59:22.774Z] [MCP Server] ~~~~~~
2025-07-30 09:59:22.779 [info] [2025-07-30T16:59:22.774Z] [MCP Server] src/renderer/components/Previewer/Guides/index.tsx:147:47 - error TS7006: Parameter 'x' implicitly has an 'any' type.
2025-07-30 09:59:22.779 [info] [2025-07-30T16:59:22.775Z] [MCP Server] 147                     positions: guides.filter((x) => x > 0),
2025-07-30 09:59:22.779 [info] [2025-07-30T16:59:22.775Z] [MCP Server] ~
2025-07-30 09:59:22.779 [info] [2025-07-30T16:59:22.775Z] [MCP Server] src/renderer/components/Previewer/Guides/index.tsx:153:51 - error TS2749: 'Guides' refers to a value, but is being used as a type here. Did you mean 'typeof Guides'?
2025-07-30 09:59:22.779 [info] [2025-07-30T16:59:22.775Z] [MCP Server] 153               ref={verticalGuidesRef as LegacyRef<Guides>}
2025-07-30 09:59:22.779 [info] [2025-07-30T16:59:22.775Z] [MCP Server] ~~~~~~
2025-07-30 09:59:22.779 [info] [2025-07-30T16:59:22.776Z] [MCP Server] src/renderer/components/Previewer/Guides/index.tsx:172:34 - error TS7031: Binding element 'guides' implicitly has an 'any' type.
2025-07-30 09:59:22.779 [info] [2025-07-30T16:59:22.776Z] [MCP Server] 172               onChangeGuides={({ guides }) => {
2025-07-30 09:59:22.779 [info] [2025-07-30T16:59:22.777Z] [MCP Server] ~~~~~~
2025-07-30 09:59:22.779 [info] [2025-07-30T16:59:22.777Z] [MCP Server] src/renderer/components/Previewer/Guides/index.tsx:185:47 - error TS7006: Parameter 'x' implicitly has an 'any' type.
2025-07-30 09:59:22.779 [info] [2025-07-30T16:59:22.778Z] [MCP Server] 185                     positions: guides.filter((x) => x > 0),
2025-07-30 09:59:22.779 [info] [2025-07-30T16:59:22.778Z] [MCP Server] ~
2025-07-30 09:59:34.969 [info] [2025-07-30T16:59:34.940Z] [MCP Server] [2025-07-30 09:59:34.656] GetAIResponseAsync took 11987 ms
2025-07-30 09:59:34.969 [info] [2025-07-30T16:59:34.941Z] [MCP Server] [2025-07-30 09:59:34.660] Retry develop plan response: # Fix Strategy: TypeScript Type vs Value Reference Errors
2025-07-30 09:59:34.969 [info] [2025-07-30T16:59:34.942Z] [MCP Server] The previous fix created a value (`const Guides = ...`) but the code is trying to use `Guides` as a type in several places. We need to separate the type definition from the value, and fix implicit `any` type issues.
2025-07-30 09:59:34.969 [info] [2025-07-30T16:59:34.943Z] [MCP Server] ## Detailed Fix Plan
2025-07-30 09:59:34.969 [info] [2025-07-30T16:59:34.944Z] [MCP Server] ### Step 1: Examine the current file structure around the Guides definition
2025-07-30 09:59:34.969 [info] [2025-07-30T16:59:34.945Z] [MCP Server] ```
2025-07-30 09:59:34.969 [info] [2025-07-30T16:59:34.945Z] [MCP Server] OpenFileLines("src/renderer/components/Previewer/Guides/index.tsx", 1, 10)
2025-07-30 09:59:34.969 [info] [2025-07-30T16:59:34.947Z] [MCP Server] ```
2025-07-30 09:59:34.969 [info] [2025-07-30T16:59:34.948Z] [MCP Server] - Verify the current import and Guides definition structure
2025-07-30 09:59:34.969 [info] [2025-07-30T16:59:34.949Z] [MCP Server] ### Step 2: Check the original Guides type from the library
2025-07-30 09:59:34.969 [info] [2025-07-30T16:59:34.950Z] [MCP Server] ```
2025-07-30 09:59:34.969 [info] [2025-07-30T16:59:34.951Z] [MCP Server] SearchFileForOccurrences("src/renderer/components/Previewer/Guides/index.tsx", "useRef<Guides>")
2025-07-30 09:59:34.969 [info] [2025-07-30T16:59:34.951Z] [MCP Server] ```
2025-07-30 09:59:34.969 [info] [2025-07-30T16:59:34.952Z] [MCP Server] - Locate all places where Guides is used as a type
2025-07-30 09:59:34.969 [info] [2025-07-30T16:59:34.953Z] [MCP Server] ### Step 3: Examine the ref usage patterns
2025-07-30 09:59:34.969 [info] [2025-07-30T16:59:34.954Z] [MCP Server] ```
2025-07-30 09:59:34.969 [info] [2025-07-30T16:59:34.956Z] [MCP Server] OpenFileLines("src/renderer/components/Previewer/Guides/index.tsx", 35, 45)
2025-07-30 09:59:34.969 [info] [2025-07-30T16:59:34.957Z] [MCP Server] ```
2025-07-30 09:59:34.969 [info] [2025-07-30T16:59:34.957Z] [MCP Server] - View the useRef declarations that are failing
2025-07-30 09:59:34.969 [info] [2025-07-30T16:59:34.958Z] [MCP Server] ### Step 4: Check the onChangeGuides callback structure
2025-07-30 09:59:34.969 [info] [2025-07-30T16:59:34.959Z] [MCP Server] ```
2025-07-30 09:59:34.969 [info] [2025-07-30T16:59:34.959Z] [MCP Server] OpenFileLines("src/renderer/components/Previewer/Guides/index.tsx", 130, 140)
2025-07-30 09:59:34.969 [info] [2025-07-30T16:59:34.960Z] [MCP Server] ```
2025-07-30 09:59:34.969 [info] [2025-07-30T16:59:34.960Z] [MCP Server] - Examine the first onChangeGuides callback with type errors
2025-07-30 09:59:34.969 [info] [2025-07-30T16:59:34.961Z] [MCP Server] ### Step 5: Check the second onChangeGuides callback
2025-07-30 09:59:34.969 [info] [2025-07-30T16:59:34.962Z] [MCP Server] ```
2025-07-30 09:59:34.969 [info] [2025-07-30T16:59:34.962Z] [MCP Server] OpenFileLines("src/renderer/components/Previewer/Guides/index.tsx", 168, 178)
2025-07-30 09:59:34.969 [info] [2025-07-30T16:59:34.963Z] [MCP Server] ```
2025-07-30 09:59:34.969 [info] [2025-07-30T16:59:34.963Z] [MCP Server] - Examine the second onChangeGuides callback with type errors
2025-07-30 09:59:34.969 [info] [2025-07-30T16:59:34.964Z] [MCP Server] ### Step 6: Apply comprehensive fix using ApplyPatch
2025-07-30 09:59:34.969 [info] [2025-07-30T16:59:34.964Z] [MCP Server] ```
2025-07-30 09:59:34.969 [info] [2025-07-30T16:59:34.964Z] [MCP Server] ApplyPatch with changes to:
2025-07-30 09:59:34.969 [info] [2025-07-30T16:59:34.964Z] [MCP Server] - Create a proper type alias for the Guides component instance
2025-07-30 09:59:34.969 [info] [2025-07-30T16:59:34.965Z] [MCP Server] - Fix useRef type annotations to use the correct type
2025-07-30 09:59:34.969 [info] [2025-07-30T16:59:34.965Z] [MCP Server] - Add proper type annotations for onChangeGuides callbacks
2025-07-30 09:59:34.969 [info] [2025-07-30T16:59:34.965Z] [MCP Server] - Fix implicit any types in filter functions
2025-07-30 09:59:34.969 [info] [2025-07-30T16:59:34.966Z] [MCP Server] ```
2025-07-30 09:59:34.969 [info] [2025-07-30T16:59:34.966Z] [MCP Server] ## Expected Solution Pattern
2025-07-30 09:59:34.969 [info] [2025-07-30T16:59:34.967Z] [MCP Server] The fix will involve:
2025-07-30 09:59:34.969 [info] [2025-07-30T16:59:34.967Z] [MCP Server] 1. Creating a type alias like `type GuidesType = InstanceType<typeof GuidesBase>`
2025-07-30 09:59:34.969 [info] [2025-07-30T16:59:34.967Z] [MCP Server] 2. Using this type for useRef declarations
2025-07-30 09:59:34.969 [info] [2025-07-30T16:59:34.967Z] [MCP Server] 3. Adding proper type annotations for the `guides` parameter in callbacks
2025-07-30 09:59:34.969 [info] [2025-07-30T16:59:34.968Z] [MCP Server] 4. Adding type annotations for filter function parameters
2025-07-30 09:59:34.969 [info] [2025-07-30T16:59:34.968Z] [MCP Server] This separates the component value from its type, allowing both to be used correctly in their respective contexts.
2025-07-30 09:59:38.013 [info] [2025-07-30T16:59:38.011Z] [MCP Server] [2025-07-30 09:59:37.940] Tool OpenFileLines invoked with arguments ["src/renderer/components/Previewer/Guides/index.tsx",1,10]
2025-07-30 09:59:38.013 [info] [2025-07-30T16:59:38.012Z] [MCP Server] [2025-07-30 09:59:37.943] Duplicate invocation detected for: src/renderer/components/Previewer/Guides/index.tsx:1-10
2025-07-30 09:59:42.038 [info] [2025-07-30T16:59:42.037Z] [MCP Server] [2025-07-30 09:59:41.825] Tool SearchFileForOccurrences invoked with arguments ["src/renderer/components/Previewer/Guides/index.tsx","useRef\u003CGuides\u003E"]
2025-07-30 09:59:42.538 [info] [2025-07-30T16:59:42.537Z] [MCP Server] [2025-07-30 09:59:42.264] SearchFileForOccurrences took 439 ms
2025-07-30 09:59:45.575 [info] [2025-07-30T16:59:45.574Z] [MCP Server] [2025-07-30 09:59:45.466] Tool OpenFileLines invoked with arguments ["src/renderer/components/Previewer/Guides/index.tsx",35,45]
2025-07-30 09:59:45.575 [info] [2025-07-30T16:59:45.574Z] [MCP Server] [2025-07-30 09:59:45.471] OpenFileLines took 4 ms
2025-07-30 09:59:49.128 [info] [2025-07-30T16:59:49.126Z] [MCP Server] [2025-07-30 09:59:49.044] Tool OpenFileLines invoked with arguments ["src/renderer/components/Previewer/Guides/index.tsx",130,140]
2025-07-30 09:59:49.128 [info] [2025-07-30T16:59:49.127Z] [MCP Server] [2025-07-30 09:59:49.047] OpenFileLines took 2 ms
2025-07-30 09:59:51.644 [info] [2025-07-30T16:59:51.642Z] [MCP Server] [2025-07-30 09:59:51.461] Tool OpenFileLines invoked with arguments ["src/renderer/components/Previewer/Guides/index.tsx",168,178]
2025-07-30 09:59:51.644 [info] [2025-07-30T16:59:51.643Z] [MCP Server] [2025-07-30 09:59:51.465] OpenFileLines took 4 ms
2025-07-30 10:00:09.413 [info] [2025-07-30T17:00:09.410Z] [MCP Server] [2025-07-30 10:00:08.892] Tool ApplyPatch invoked with arguments ["*** Begin Patch\n=== src/renderer/components/Previewer/Guides/index.tsx\n~~~ 5\n-// React 19 compatibility: Cast the component to proper JSX element type\n-const Guides = GuidesBase as React.ComponentType\u003Cany\u003E;\n\u002B// React 19 compatibility: Cast the component to proper JSX element type\n\u002Bconst Guides = GuidesBase as React.ComponentType\u003Cany\u003E;\n\u002B// Type alias for component instance type\n\u002Btype GuidesType = InstanceType\u003Ctypeof GuidesBase\u003E;\n~~~ 39\n-  const horizontalGuidesRef = useRef\u003CGuides\u003E(null);\n-  const verticalGuidesRef = useRef\u003CGuides\u003E(null);\n\u002B  const horizontalGuidesRef = useRef\u003CGuidesType\u003E(null);\n\u002B  const verticalGuidesRef = useRef\u003CGuidesType\u003E(null);\n~~~ 114\n-              ref={horizontalGuidesRef as LegacyRef\u003CGuides\u003E}\n\u002B              ref={horizontalGuidesRef as LegacyRef\u003CGuidesType\u003E}\n~~~ 134\n-              onChangeGuides={({ guides }) =\u003E {\n\u002B              onChangeGuides={({ guides }: { guides: number[] }) =\u003E {\n~~~ 147\n-                    positions: guides.filter((x) =\u003E x \u003E 0),\n\u002B                    positions: guides.filter((x: number) =\u003E x \u003E 0),\n~~~ 153\n-              ref={verticalGuidesRef as LegacyRef\u003CGuides\u003E}\n\u002B              ref={verticalGuidesRef as LegacyRef\u003CGuidesType\u003E}\n~~~ 172\n-              onChangeGuides={({ guides }) =\u003E {\n\u002B              onChangeGuides={({ guides }: { guides: number[] }) =\u003E {\n~~~ 185\n-                    positions: guides.filter((x) =\u003E x \u003E 0),\n\u002B                    positions: guides.filter((x: number) =\u003E x \u003E 0),\n*** End Patch"]
2025-07-30 10:00:09.413 [info] [2025-07-30T17:00:09.411Z] [MCP Server] [2025-07-30 10:00:08.902] ApplyPatch took 9 ms
2025-07-30 10:00:09.413 [info] [2025-07-30T17:00:09.412Z] [MCP Server] [2025-07-30 10:00:08.905] ApplyPatch result: Patch applied successfully.
2025-07-30 10:00:11.451 [info] [2025-07-30T17:00:11.450Z] [MCP Server] [2025-07-30 10:00:10.941] Index out of range error on attempt 1: Index was out of range. Must be non-negative and less than the size of the collection. (Parameter 'index')
2025-07-30 10:00:22.122 [info] [2025-07-30T17:00:22.116Z] [MCP Server] [2025-07-30 10:00:21.616] Tool ApplyPatch invoked with arguments ["*** Begin Patch\n=== src/renderer/components/Previewer/Guides/index.tsx\n~~~ 5\n-// React 19 compatibility: Cast the component to proper JSX element type\n-const Guides = GuidesBase as React.ComponentType\u003Cany\u003E;\n\u002B// React 19 compatibility: Cast the component to proper JSX element type\n\u002Bconst Guides = GuidesBase as React.ComponentType\u003Cany\u003E;\n\u002B// Type alias for component instance references\n\u002Btype GuidesType = InstanceType\u003Ctypeof GuidesBase\u003E;\n~~~ 39\n-  const horizontalGuidesRef = useRef\u003CGuides\u003E(null);\n-  const verticalGuidesRef = useRef\u003CGuides\u003E(null);\n\u002B  const horizontalGuidesRef = useRef\u003CGuidesType\u003E(null);\n\u002B  const verticalGuidesRef = useRef\u003CGuidesType\u003E(null);\n~~~ 116\n-              ref={horizontalGuidesRef as LegacyRef\u003CGuides\u003E}\n\u002B              ref={horizontalGuidesRef as LegacyRef\u003CGuidesType\u003E}\n~~~ 134\n-              onChangeGuides={({ guides }) =\u003E {\n\u002B              onChangeGuides={({ guides }: { guides: number[] }) =\u003E {\n~~~ 147\n-                    positions: guides.filter((x) =\u003E x \u003E 0),\n\u002B                    positions: guides.filter((x: number) =\u003E x \u003E 0),\n~~~ 155\n-              ref={verticalGuidesRef as LegacyRef\u003CGuides\u003E}\n\u002B              ref={verticalGuidesRef as LegacyRef\u003CGuidesType\u003E}\n~~~ 172\n-              onChangeGuides={({ guides }) =\u003E {\n\u002B              onChangeGuides={({ guides }: { guides: number[] }) =\u003E {\n~~~ 185\n-                    positions: guides.filter((x) =\u003E x \u003E 0),\n\u002B                    positions: guides.filter((x: number) =\u003E x \u003E 0),\n*** End Patch"]
2025-07-30 10:00:22.122 [info] [2025-07-30T17:00:22.117Z] [MCP Server] [2025-07-30 10:00:21.620] ApplyPatch took 4 ms
2025-07-30 10:00:22.122 [info] [2025-07-30T17:00:22.118Z] [MCP Server] [2025-07-30 10:00:21.621] ApplyPatch result: Patch failed: Patch mismatch at src/renderer/components/Previewer/Guides/index.tsx:40.
2025-07-30 10:00:22.122 [info] [2025-07-30T17:00:22.119Z] [MCP Server] TROUBLESHOOTING:
2025-07-30 10:00:22.122 [info] [2025-07-30T17:00:22.119Z] [MCP Server] 1. Use OpenFileLines to verify current file content
2025-07-30 10:00:22.122 [info] [2025-07-30T17:00:22.120Z] [MCP Server] 2. Ensure removed lines match exactly (including whitespace)
2025-07-30 10:00:22.122 [info] [2025-07-30T17:00:22.120Z] [MCP Server] 3. Verify line numbers are absolute file positions, not relative to OpenFileLines output
2025-07-30 10:00:22.122 [info] [2025-07-30T17:00:22.121Z] [MCP Server] 4. Check that the file hasn't been modified since you last read it
2025-07-30 10:00:22.122 [info] [2025-07-30T17:00:22.121Z] [MCP Server] Example: If OpenFileLines(file, 10, 20) shows content, and you want to modify line 12, use '~~~ 12', not '~~~ 3'
2025-07-30 10:00:29.229 [info] [2025-07-30T17:00:29.228Z] [MCP Server] [2025-07-30 10:00:28.872] Tool SearchFileForOccurrences invoked with arguments ["src/renderer/components/Previewer/Guides/index.tsx","const horizontalGuidesRef"]
2025-07-30 10:00:29.742 [info] [2025-07-30T17:00:29.741Z] [MCP Server] [2025-07-30 10:00:29.272] SearchFileForOccurrences took 400 ms
2025-07-30 10:00:32.276 [info] [2025-07-30T17:00:32.275Z] [MCP Server] [2025-07-30 10:00:31.785] Tool SearchFileForOccurrences invoked with arguments ["src/renderer/components/Previewer/Guides/index.tsx","horizontalGuidesRef"]
2025-07-30 10:00:32.277 [info] [2025-07-30T17:00:32.276Z] [MCP Server] [2025-07-30 10:00:32.227] SearchFileForOccurrences took 442 ms
2025-07-30 10:00:36.942 [info] [2025-07-30T17:00:36.941Z] [MCP Server] [2025-07-30 10:00:36.848] Tool OpenFileLines invoked with arguments ["src/renderer/components/Previewer/Guides/index.tsx",35,50]
2025-07-30 10:00:36.942 [info] [2025-07-30T17:00:36.941Z] [MCP Server] [2025-07-30 10:00:36.850] OpenFileLines took 2 ms
2025-07-30 10:00:37.360 [info] [2025-07-30T17:00:37.359Z] [MCP Server] [2025-07-30 10:00:36.850] OpenFileLines took 2 ms
2025-07-30 10:00:42.475 [info] [2025-07-30T17:00:42.473Z] [MCP Server] [2025-07-30 10:00:42.402] Tool OpenFileLines invoked with arguments ["src/renderer/components/Previewer/Guides/index.tsx",5,8]
2025-07-30 10:00:42.475 [info] [2025-07-30T17:00:42.474Z] [MCP Server] [2025-07-30 10:00:42.408] OpenFileLines took 5 ms
2025-07-30 10:00:48.557 [info] [2025-07-30T17:00:48.556Z] [MCP Server] [2025-07-30 10:00:48.315] Tool SearchFileForOccurrences invoked with arguments ["src/renderer/components/Previewer/Guides/index.tsx","LegacyRef\u003CGuides\u003E"]
2025-07-30 10:00:49.071 [info] [2025-07-30T17:00:49.070Z] [MCP Server] [2025-07-30 10:00:48.695] SearchFileForOccurrences took 380 ms
2025-07-30 10:00:52.613 [info] [2025-07-30T17:00:52.612Z] [MCP Server] [2025-07-30 10:00:52.457] Tool SearchFileForOccurrences invoked with arguments ["src/renderer/components/Previewer/Guides/index.tsx","LegacyRef\u003C"]
2025-07-30 10:00:53.123 [info] [2025-07-30T17:00:53.122Z] [MCP Server] [2025-07-30 10:00:52.853] SearchFileForOccurrences took 395 ms
2025-07-30 10:00:56.670 [info] [2025-07-30T17:00:56.669Z] [MCP Server] [2025-07-30 10:00:56.232] Tool SearchFileForOccurrences invoked with arguments ["src/renderer/components/Previewer/Guides/index.tsx","as LegacyRef"]
2025-07-30 10:00:56.670 [info] [2025-07-30T17:00:56.669Z] [MCP Server] [2025-07-30 10:00:56.637] SearchFileForOccurrences took 405 ms
2025-07-30 10:01:02.776 [info] [2025-07-30T17:01:02.775Z] [MCP Server] [2025-07-30 10:01:02.607] Tool SearchFileForOccurrences invoked with arguments ["src/renderer/components/Previewer/Guides/index.tsx","onChangeGuides"]
2025-07-30 10:01:03.290 [info] [2025-07-30T17:01:03.287Z] [MCP Server] [2025-07-30 10:01:02.974] SearchFileForOccurrences took 366 ms
2025-07-30 10:01:05.326 [info] [2025-07-30T17:01:05.325Z] [MCP Server] [2025-07-30 10:01:05.266] Tool SearchFileForOccurrences invoked with arguments ["src/renderer/components/Previewer/Guides/index.tsx","guides }) =\u003E"]
2025-07-30 10:01:05.814 [info] [2025-07-30T17:01:05.812Z] [MCP Server] [2025-07-30 10:01:05.672] SearchFileForOccurrences took 405 ms
2025-07-30 10:01:13.403 [info] [2025-07-30T17:01:13.401Z] [MCP Server] [2025-07-30 10:01:12.947] Tool OpenFileLines invoked with arguments ["src/renderer/components/Previewer/Guides/index.tsx",110,120]
2025-07-30 10:01:13.403 [info] [2025-07-30T17:01:13.401Z] [MCP Server] [2025-07-30 10:01:12.953] OpenFileLines took 6 ms
2025-07-30 10:01:16.448 [info] [2025-07-30T17:01:16.446Z] [MCP Server] [2025-07-30 10:01:16.078] Tool OpenFileLines invoked with arguments ["src/renderer/components/Previewer/Guides/index.tsx",130,140]
2025-07-30 10:01:16.448 [info] [2025-07-30T17:01:16.447Z] [MCP Server] [2025-07-30 10:01:16.083] Duplicate invocation detected for: src/renderer/components/Previewer/Guides/index.tsx:130-140
2025-07-30 10:01:19.491 [info] [2025-07-30T17:01:19.489Z] [MCP Server] [2025-07-30 10:01:18.997] Tool OpenFileLines invoked with arguments ["src/renderer/components/Previewer/Guides/index.tsx",132,150]
2025-07-30 10:01:19.491 [info] [2025-07-30T17:01:19.490Z] [MCP Server] [2025-07-30 10:01:19.003] OpenFileLines took 5 ms
2025-07-30 10:01:22.034 [info] [2025-07-30T17:01:22.032Z] [MCP Server] [2025-07-30 10:01:21.650] Tool OpenFileLines invoked with arguments ["src/renderer/components/Previewer/Guides/index.tsx",150,175]
2025-07-30 10:01:22.034 [info] [2025-07-30T17:01:22.033Z] [MCP Server] [2025-07-30 10:01:21.655] OpenFileLines took 4 ms
2025-07-30 10:01:24.576 [info] [2025-07-30T17:01:24.574Z] [MCP Server] [2025-07-30 10:01:24.421] Tool OpenFileLines invoked with arguments ["src/renderer/components/Previewer/Guides/index.tsx",175,195]
2025-07-30 10:01:24.576 [info] [2025-07-30T17:01:24.575Z] [MCP Server] [2025-07-30 10:01:24.424] OpenFileLines took 3 ms
2025-07-30 10:01:32.714 [info] [2025-07-30T17:01:32.713Z] [MCP Server] [2025-07-30 10:01:32.572] GetAIResponseAsync took 117909 ms
2025-07-30 10:01:37.310 [info] [2025-07-30T17:01:37.299Z] [MCP Server] [2025-07-30 10:01:36.972] All errors resolved after retrying individual error src/renderer/components/Previewer/Guides/index.tsx:110:14 - error TS2786: 'Guides' cannot be used as a JSX component.
2025-07-30 10:01:37.310 [info] [2025-07-30T17:01:37.300Z] [MCP Server] Its type 'typeof Guides' is not a valid JSX element type.
2025-07-30 10:01:37.310 [info] [2025-07-30T17:01:37.301Z] [MCP Server] Types of construct signatures are incompatible.
2025-07-30 10:01:37.310 [info] [2025-07-30T17:01:37.301Z] [MCP Server] Type 'new (props: GuidesProps) => Guides' is not assignable to type 'new (props: any, context: any) => Component<any, any, any>'.
2025-07-30 10:01:37.310 [info] [2025-07-30T17:01:37.302Z] [MCP Server] Construct signature return types 'Guides' and 'Component<any, any, any>' are incompatible.
2025-07-30 10:01:37.310 [info] [2025-07-30T17:01:37.302Z] [MCP Server] The types returned by 'render()' are incompatible between these types.
2025-07-30 10:01:37.310 [info] [2025-07-30T17:01:37.303Z] [MCP Server] Type 'Element' is not assignable to type 'ReactNode'.
2025-07-30 10:01:37.310 [info] [2025-07-30T17:01:37.303Z] [MCP Server] Property 'children' is missing in type 'ReactElement<any, any>' but required in type 'ReactPortal'.
2025-07-30 10:01:37.310 [info] [2025-07-30T17:01:37.303Z] [MCP Server] 110             <Guides
2025-07-30 10:01:37.310 [info] [2025-07-30T17:01:37.303Z] [MCP Server] ~~~~~~
2025-07-30 10:01:37.310 [info] [2025-07-30T17:01:37.304Z] [MCP Server] node_modules/@types/react/index.d.ts:388:9
2025-07-30 10:01:37.310 [info] [2025-07-30T17:01:37.304Z] [MCP Server] 388         children: ReactNode;
2025-07-30 10:01:37.310 [info] [2025-07-30T17:01:37.304Z] [MCP Server] ~~~~~~~~
2025-07-30 10:01:37.310 [info] [2025-07-30T17:01:37.304Z] [MCP Server] 'children' is declared here.
2025-07-30 10:01:37.310 [info] [2025-07-30T17:01:37.305Z] [MCP Server] [2025-07-30 10:01:36.975] Attempting to fix individual error
2025-07-30 10:01:37.310 [info] [2025-07-30T17:01:37.305Z] [MCP Server] src/renderer/components/Previewer/Guides/index.tsx:149:14 - error TS2786: 'Guides' cannot be used as a JSX component.
2025-07-30 10:01:37.310 [info] [2025-07-30T17:01:37.305Z] [MCP Server] Its type 'typeof Guides' is not a valid JSX element type.
2025-07-30 10:01:37.310 [info] [2025-07-30T17:01:37.306Z] [MCP Server] Types of construct signatures are incompatible.
2025-07-30 10:01:37.310 [info] [2025-07-30T17:01:37.306Z] [MCP Server] Type 'new (props: GuidesProps) => Guides' is not assignable to type 'new (props: any, context: any) => Component<any, any, any>'.
2025-07-30 10:01:37.310 [info] [2025-07-30T17:01:37.306Z] [MCP Server] Construct signature return types 'Guides' and 'Component<any, any, any>' are incompatible.
2025-07-30 10:01:37.310 [info] [2025-07-30T17:01:37.306Z] [MCP Server] The types returned by 'render()' are incompatible between these types.
2025-07-30 10:01:37.310 [info] [2025-07-30T17:01:37.307Z] [MCP Server] Type 'Element' is not assignable to type 'ReactNode'.
2025-07-30 10:01:37.310 [info] [2025-07-30T17:01:37.307Z] [MCP Server] Property 'children' is missing in type 'ReactElement<any, any>' but required in type 'ReactPortal'.
2025-07-30 10:01:37.310 [info] [2025-07-30T17:01:37.307Z] [MCP Server] 149             <Guides
2025-07-30 10:01:37.310 [info] [2025-07-30T17:01:37.307Z] [MCP Server] ~~~~~~
2025-07-30 10:01:37.310 [info] [2025-07-30T17:01:37.308Z] [MCP Server] node_modules/@types/react/index.d.ts:388:9
2025-07-30 10:01:37.310 [info] [2025-07-30T17:01:37.308Z] [MCP Server] 388         children: ReactNode;
2025-07-30 10:01:37.310 [info] [2025-07-30T17:01:37.309Z] [MCP Server] ~~~~~~~~
2025-07-30 10:01:37.310 [info] [2025-07-30T17:01:37.309Z] [MCP Server] 'children' is declared here.
2025-07-30 10:01:48.955 [info] [2025-07-30T17:01:48.942Z] [MCP Server] [2025-07-30 10:01:48.510] GetAIResponseAsync took 11533 ms
2025-07-30 10:01:48.956 [info] [2025-07-30T17:01:48.942Z] [MCP Server] [2025-07-30 10:01:48.516] Individual develop plan response: # Fix Strategy
2025-07-30 10:01:48.956 [info] [2025-07-30T17:01:48.942Z] [MCP Server] The error indicates a compatibility issue with React 19 type definitions. The `Guides` component's render method returns an `Element` type, but React 19 expects `ReactNode`. This is a common breaking change where React 19 has stricter type requirements for JSX components.
2025-07-30 10:01:48.956 [info] [2025-07-30T17:01:48.942Z] [MCP Server] ## Fix Plan
2025-07-30 10:01:48.956 [info] [2025-07-30T17:01:48.943Z] [MCP Server] ### Step 1: Examine the Guides component structure
2025-07-30 10:01:48.956 [info] [2025-07-30T17:01:48.943Z] [MCP Server] ```
2025-07-30 10:01:48.956 [info] [2025-07-30T17:01:48.943Z] [MCP Server] OpenFile('src/renderer/components/Previewer/Guides/index.tsx')
2025-07-30 10:01:48.956 [info] [2025-07-30T17:01:48.944Z] [MCP Server] ```
2025-07-30 10:01:48.956 [info] [2025-07-30T17:01:48.944Z] [MCP Server] ### Step 2: Locate the component definition and render method
2025-07-30 10:01:48.956 [info] [2025-07-30T17:01:48.944Z] [MCP Server] ```
2025-07-30 10:01:48.956 [info] [2025-07-30T17:01:48.945Z] [MCP Server] SearchFileForOccurrences('src/renderer/components/Previewer/Guides/index.tsx', 'class Guides')
2025-07-30 10:01:48.956 [info] [2025-07-30T17:01:48.945Z] [MCP Server] ```
2025-07-30 10:01:48.956 [info] [2025-07-30T17:01:48.945Z] [MCP Server] ### Step 3: Examine the render method signature and return type
2025-07-30 10:01:48.956 [info] [2025-07-30T17:01:48.945Z] [MCP Server] ```
2025-07-30 10:01:48.956 [info] [2025-07-30T17:01:48.945Z] [MCP Server] SearchFileForOccurrences('src/renderer/components/Previewer/Guides/index.tsx', 'render()')
2025-07-30 10:01:48.956 [info] [2025-07-30T17:01:48.945Z] [MCP Server] ```
2025-07-30 10:01:48.956 [info] [2025-07-30T17:01:48.945Z] [MCP Server] ### Step 4: Check the exact render method implementation
2025-07-30 10:01:48.956 [info] [2025-07-30T17:01:48.945Z] [MCP Server] ```
2025-07-30 10:01:48.956 [info] [2025-07-30T17:01:48.946Z] [MCP Server] OpenFileLines('src/renderer/components/Previewer/Guides/index.tsx', [line_start], [line_end])
2025-07-30 10:01:48.956 [info] [2025-07-30T17:01:48.946Z] [MCP Server] ```
2025-07-30 10:01:48.956 [info] [2025-07-30T17:01:48.946Z] [MCP Server] *Note: line numbers will be determined from Step 3*
2025-07-30 10:01:48.956 [info] [2025-07-30T17:01:48.947Z] [MCP Server] ### Step 5: Look for React imports to understand current typing approach
2025-07-30 10:01:48.956 [info] [2025-07-30T17:01:48.947Z] [MCP Server] ```
2025-07-30 10:01:48.956 [info] [2025-07-30T17:01:48.947Z] [MCP Server] SearchFileForOccurrences('src/renderer/components/Previewer/Guides/index.tsx', 'import')
2025-07-30 10:01:48.956 [info] [2025-07-30T17:01:48.948Z] [MCP Server] ```
2025-07-30 10:01:48.956 [info] [2025-07-30T17:01:48.948Z] [MCP Server] ### Step 6: Check if there are type annotations on the class or render method
2025-07-30 10:01:48.956 [info] [2025-07-30T17:01:48.949Z] [MCP Server] ```
2025-07-30 10:01:48.956 [info] [2025-07-30T17:01:48.949Z] [MCP Server] SearchFileForOccurrences('src/renderer/components/Previewer/Guides/index.tsx', 'ReactNode')
2025-07-30 10:01:48.956 [info] [2025-07-30T17:01:48.949Z] [MCP Server] ```
2025-07-30 10:01:48.956 [info] [2025-07-30T17:01:48.949Z] [MCP Server] ### Step 7: Examine the exact line causing the error (line 149)
2025-07-30 10:01:48.956 [info] [2025-07-30T17:01:48.949Z] [MCP Server] ```
2025-07-30 10:01:48.956 [info] [2025-07-30T17:01:48.950Z] [MCP Server] OpenFileLines('src/renderer/components/Previewer/Guides/index.tsx', 145, 155)
2025-07-30 10:01:48.956 [info] [2025-07-30T17:01:48.950Z] [MCP Server] ```
2025-07-30 10:01:48.956 [info] [2025-07-30T17:01:48.950Z] [MCP Server] ### Step 8: Apply the fix by updating the render method return type
2025-07-30 10:01:48.956 [info] [2025-07-30T17:01:48.951Z] [MCP Server] ```
2025-07-30 10:01:48.956 [info] [2025-07-30T17:01:48.951Z] [MCP Server] ApplyPatch with patchText containing:
2025-07-30 10:01:48.956 [info] [2025-07-30T17:01:48.951Z] [MCP Server] === src/renderer/components/Previewer/Guides/index.tsx
2025-07-30 10:01:48.956 [info] [2025-07-30T17:01:48.952Z] [MCP Server] ~~~ [exact_line_number]
2025-07-30 10:01:48.956 [info] [2025-07-30T17:01:48.952Z] [MCP Server] -  render(): Element {
2025-07-30 10:01:48.956 [info] [2025-07-30T17:01:48.952Z] [MCP Server] +  render(): React.ReactNode {
2025-07-30 10:01:48.956 [info] [2025-07-30T17:01:48.953Z] [MCP Server] ```
2025-07-30 10:01:48.956 [info] [2025-07-30T17:01:48.953Z] [MCP Server] **Alternative Fix Strategy (if needed):**
2025-07-30 10:01:48.956 [info] [2025-07-30T17:01:48.953Z] [MCP Server] - Convert class component to functional component
2025-07-30 10:01:48.956 [info] [2025-07-30T17:01:48.954Z] [MCP Server] - Update React imports to include proper types
2025-07-30 10:01:48.956 [info] [2025-07-30T17:01:48.954Z] [MCP Server] - Ensure component extends `React.Component<Props, State>` properly
2025-07-30 10:01:48.956 [info] [2025-07-30T17:01:48.954Z] [MCP Server] The plan prioritizes examining the component structure first, then applying the most targeted fix based on React 19's stricter typing requirements.
2025-07-30 10:01:50.974 [info] [2025-07-30T17:01:50.972Z] [MCP Server] [2025-07-30 10:01:50.812] Tool OpenFile invoked with arguments ["src/renderer/components/Previewer/Guides/index.tsx"]
2025-07-30 10:01:50.974 [info] [2025-07-30T17:01:50.973Z] [MCP Server] [2025-07-30 10:01:50.816] OpenFile took 3 ms
2025-07-30 10:01:53.990 [info] [2025-07-30T17:01:53.989Z] [MCP Server] [2025-07-30 10:01:53.803] Tool SearchFileForOccurrences invoked with arguments ["src/renderer/components/Previewer/Guides/index.tsx","Guides"]
2025-07-30 10:01:54.492 [info] [2025-07-30T17:01:54.491Z] [MCP Server] [2025-07-30 10:01:54.194] SearchFileForOccurrences took 390 ms
2025-07-30 10:02:00.071 [info] [2025-07-30T17:02:00.069Z] [MCP Server] [2025-07-30 10:01:59.784] Tool SearchFileForOccurrences invoked with arguments ["src/renderer/components/Previewer/Guides/index.tsx","\u003CGuides"]
2025-07-30 10:02:00.572 [info] [2025-07-30T17:02:00.571Z] [MCP Server] [2025-07-30 10:02:00.217] SearchFileForOccurrences took 432 ms
2025-07-30 10:02:09.168 [info] [2025-07-30T17:02:09.166Z] [MCP Server] [2025-07-30 10:02:08.881] Tool OpenFileLines invoked with arguments ["src/renderer/components/Previewer/Guides/index.tsx",145,155]
2025-07-30 10:02:09.168 [info] [2025-07-30T17:02:09.167Z] [MCP Server] [2025-07-30 10:02:08.883] OpenFileLines took 1 ms
2025-07-30 10:02:14.770 [info] [2025-07-30T17:02:14.767Z] [MCP Server] [2025-07-30 10:02:14.337] Tool OpenFileLines invoked with arguments ["src/renderer/components/Previewer/Guides/index.tsx",1,10]
2025-07-30 10:02:14.771 [info] [2025-07-30T17:02:14.769Z] [MCP Server] [2025-07-30 10:02:14.347] OpenFileLines took 9 ms
2025-07-30 10:02:23.946 [info] [2025-07-30T17:02:23.944Z] [MCP Server] [2025-07-30 10:02:23.747] Tool ApplyPatch invoked with arguments ["*** Begin Patch\n=== src/renderer/components/Previewer/Guides/index.tsx\n~~~ 5\n-// React 19 compatibility: Cast the component to proper JSX element type\n-const Guides = GuidesBase as React.ComponentType\u003Cany\u003E;\n\u002B// React 19 compatibility: Cast the component to proper JSX element type\n\u002Bconst Guides = GuidesBase as React.ComponentType\u003Cany\u003E \u0026 {\n\u002B  new (props: any): React.Component\u003Cany, any\u003E \u0026 { render(): React.ReactNode }\n\u002B};\n*** End Patch"]
2025-07-30 10:02:23.946 [info] [2025-07-30T17:02:23.945Z] [MCP Server] [2025-07-30 10:02:23.752] ApplyPatch took 5 ms
2025-07-30 10:02:23.946 [info] [2025-07-30T17:02:23.945Z] [MCP Server] [2025-07-30 10:02:23.754] ApplyPatch result: Patch applied successfully.
2025-07-30 10:02:26.957 [info] [2025-07-30T17:02:26.956Z] [MCP Server] [2025-07-30 10:02:26.606] Index out of range error on attempt 1: Index was out of range. Must be non-negative and less than the size of the collection. (Parameter 'index')
2025-07-30 10:02:37.469 [info] [2025-07-30T17:02:37.463Z] [MCP Server] [2025-07-30 10:02:32.294] Tool ApplyPatch invoked with arguments ["*** Begin Patch\n=== src/renderer/components/Previewer/Guides/index.tsx\n~~~ 6\n-const Guides = GuidesBase as React.ComponentType\u003Cany\u003E;\n\u002Bconst Guides = GuidesBase as React.ComponentType\u003Cany\u003E \u0026 React.ForwardRefExoticComponent\u003Cany\u003E;\n*** End Patch"]
2025-07-30 10:02:37.469 [info] [2025-07-30T17:02:37.464Z] [MCP Server] [2025-07-30 10:02:32.296] ApplyPatch took 1 ms
2025-07-30 10:02:37.469 [info] [2025-07-30T17:02:37.464Z] [MCP Server] [2025-07-30 10:02:32.297] ApplyPatch result: Patch failed: Patch mismatch at src/renderer/components/Previewer/Guides/index.tsx:5.
2025-07-30 10:02:37.469 [info] [2025-07-30T17:02:37.465Z] [MCP Server] TROUBLESHOOTING:
2025-07-30 10:02:37.469 [info] [2025-07-30T17:02:37.465Z] [MCP Server] 1. Use OpenFileLines to verify current file content
2025-07-30 10:02:37.469 [info] [2025-07-30T17:02:37.466Z] [MCP Server] 2. Ensure removed lines match exactly (including whitespace)
2025-07-30 10:02:37.469 [info] [2025-07-30T17:02:37.466Z] [MCP Server] 3. Verify line numbers are absolute file positions, not relative to OpenFileLines output
2025-07-30 10:02:37.469 [info] [2025-07-30T17:02:37.467Z] [MCP Server] 4. Check that the file hasn't been modified since you last read it
2025-07-30 10:02:37.470 [info] [2025-07-30T17:02:37.467Z] [MCP Server] Example: If OpenFileLines(file, 10, 20) shows content, and you want to modify line 12, use '~~~ 12', not '~~~ 3'
2025-07-30 10:02:38.474 [info] [2025-07-30T17:02:38.470Z] [MCP Server] [2025-07-30 10:02:38.203] Tool OpenFileLines invoked with arguments ["src/renderer/components/Previewer/Guides/index.tsx",5,8]
2025-07-30 10:02:38.475 [info] [2025-07-30T17:02:38.473Z] [MCP Server] [2025-07-30 10:02:38.207] OpenFileLines took 3 ms
2025-07-30 10:02:46.569 [info] [2025-07-30T17:02:46.566Z] [MCP Server] [2025-07-30 10:02:46.227] Tool OpenFileLines invoked with arguments ["src/renderer/components/Previewer/Guides/index.tsx",1,12]
2025-07-30 10:02:46.569 [info] [2025-07-30T17:02:46.568Z] [MCP Server] [2025-07-30 10:02:46.229] OpenFileLines took 2 ms
2025-07-30 10:02:55.205 [info] [2025-07-30T17:02:55.203Z] [MCP Server] [2025-07-30 10:02:55.088] Tool ApplyPatch invoked with arguments ["*** Begin Patch\n=== src/renderer/components/Previewer/Guides/index.tsx\n~~~ 6\n-const Guides = GuidesBase as React.ComponentType\u003Cany\u003E \u0026 {\n-  new (props: any): React.Component\u003Cany, any\u003E \u0026 { render(): React.ReactNode }\n-};\n\u002Bconst Guides = GuidesBase as React.ComponentType\u003Cany\u003E;\n*** End Patch"]
2025-07-30 10:02:55.205 [info] [2025-07-30T17:02:55.204Z] [MCP Server] [2025-07-30 10:02:55.101] ApplyPatch took 12 ms
2025-07-30 10:02:55.205 [info] [2025-07-30T17:02:55.204Z] [MCP Server] [2025-07-30 10:02:55.102] ApplyPatch result: Patch applied successfully.
2025-07-30 10:02:57.720 [info] [2025-07-30T17:02:57.718Z] [MCP Server] [2025-07-30 10:02:57.451] Index out of range error on attempt 2: Index was out of range. Must be non-negative and less than the size of the collection. (Parameter 'index')
2025-07-30 10:03:05.335 [info] [2025-07-30T17:03:05.326Z] [MCP Server] [2025-07-30 10:03:04.820] Tool ApplyPatch invoked with arguments ["*** Begin Patch\n=== src/renderer/components/Previewer/Guides/index.tsx\n~~~ 6\n-const Guides = GuidesBase as React.ComponentType\u003Cany\u003E \u0026 {\n-  new (props: any): React.Component\u003Cany, any\u003E \u0026 { render(): React.ReactNode }\n-};\n\u002Bconst Guides = GuidesBase as any;\n*** End Patch"]
2025-07-30 10:03:05.335 [info] [2025-07-30T17:03:05.326Z] [MCP Server] [2025-07-30 10:03:04.825] ApplyPatch took 5 ms
2025-07-30 10:03:05.335 [info] [2025-07-30T17:03:05.327Z] [MCP Server] [2025-07-30 10:03:04.828] ApplyPatch result: Patch failed: Patch mismatch at src/renderer/components/Previewer/Guides/index.tsx:5.
2025-07-30 10:03:05.336 [info] [2025-07-30T17:03:05.327Z] [MCP Server] TROUBLESHOOTING:
2025-07-30 10:03:05.336 [info] [2025-07-30T17:03:05.331Z] [MCP Server] 1. Use OpenFileLines to verify current file content
2025-07-30 10:03:05.336 [info] [2025-07-30T17:03:05.332Z] [MCP Server] 2. Ensure removed lines match exactly (including whitespace)
2025-07-30 10:03:05.336 [info] [2025-07-30T17:03:05.332Z] [MCP Server] 3. Verify line numbers are absolute file positions, not relative to OpenFileLines output
2025-07-30 10:03:05.336 [info] [2025-07-30T17:03:05.332Z] [MCP Server] 4. Check that the file hasn't been modified since you last read it
2025-07-30 10:03:05.336 [info] [2025-07-30T17:03:05.333Z] [MCP Server] Example: If OpenFileLines(file, 10, 20) shows content, and you want to modify line 12, use '~~~ 12', not '~~~ 3'
2025-07-30 10:03:12.419 [info] [2025-07-30T17:03:12.413Z] [MCP Server] [2025-07-30 10:03:12.242] Tool ApplyPatch invoked with arguments ["*** Begin Patch\n=== src/renderer/components/Previewer/Guides/index.tsx\n~~~ 6\n-const Guides = GuidesBase as React.ComponentType\u003Cany\u003E \u0026 {\n~~~ 7\n-  new (props: any): React.Component\u003Cany, any\u003E \u0026 { render(): React.ReactNode }\n~~~ 8\n-};\n\u002Bconst Guides = GuidesBase as any;\n*** End Patch"]
2025-07-30 10:03:12.420 [info] [2025-07-30T17:03:12.415Z] [MCP Server] [2025-07-30 10:03:12.246] ApplyPatch took 3 ms
2025-07-30 10:03:12.420 [info] [2025-07-30T17:03:12.416Z] [MCP Server] [2025-07-30 10:03:12.247] ApplyPatch result: Patch failed: Patch mismatch at src/renderer/components/Previewer/Guides/index.tsx:5.
2025-07-30 10:03:12.420 [info] [2025-07-30T17:03:12.416Z] [MCP Server] TROUBLESHOOTING:
2025-07-30 10:03:12.420 [info] [2025-07-30T17:03:12.417Z] [MCP Server] 1. Use OpenFileLines to verify current file content
2025-07-30 10:03:12.420 [info] [2025-07-30T17:03:12.417Z] [MCP Server] 2. Ensure removed lines match exactly (including whitespace)
2025-07-30 10:03:12.420 [info] [2025-07-30T17:03:12.418Z] [MCP Server] 3. Verify line numbers are absolute file positions, not relative to OpenFileLines output
2025-07-30 10:03:12.420 [info] [2025-07-30T17:03:12.418Z] [MCP Server] 4. Check that the file hasn't been modified since you last read it
2025-07-30 10:03:12.420 [info] [2025-07-30T17:03:12.418Z] [MCP Server] Example: If OpenFileLines(file, 10, 20) shows content, and you want to modify line 12, use '~~~ 12', not '~~~ 3'
2025-07-30 10:03:18.487 [info] [2025-07-30T17:03:18.483Z] [MCP Server] [2025-07-30 10:03:18.371] Tool ApplyPatch invoked with arguments ["*** Begin Patch\n=== src/renderer/components/Previewer/Guides/index.tsx\n~~~ 6\n-const Guides = GuidesBase as React.ComponentType\u003Cany\u003E \u0026 {\n-  new (props: any): React.Component\u003Cany, any\u003E \u0026 { render(): React.ReactNode }\n-};\n\u002Bconst Guides = GuidesBase as any;\n*** End Patch"]
2025-07-30 10:03:18.487 [info] [2025-07-30T17:03:18.484Z] [MCP Server] [2025-07-30 10:03:18.374] ApplyPatch took 3 ms
2025-07-30 10:03:18.487 [info] [2025-07-30T17:03:18.484Z] [MCP Server] [2025-07-30 10:03:18.376] ApplyPatch result: Patch failed: Patch mismatch at src/renderer/components/Previewer/Guides/index.tsx:5.
2025-07-30 10:03:18.487 [info] [2025-07-30T17:03:18.485Z] [MCP Server] TROUBLESHOOTING:
2025-07-30 10:03:18.487 [info] [2025-07-30T17:03:18.485Z] [MCP Server] 1. Use OpenFileLines to verify current file content
2025-07-30 10:03:18.488 [info] [2025-07-30T17:03:18.485Z] [MCP Server] 2. Ensure removed lines match exactly (including whitespace)
2025-07-30 10:03:18.488 [info] [2025-07-30T17:03:18.486Z] [MCP Server] 3. Verify line numbers are absolute file positions, not relative to OpenFileLines output
2025-07-30 10:03:18.488 [info] [2025-07-30T17:03:18.486Z] [MCP Server] 4. Check that the file hasn't been modified since you last read it
2025-07-30 10:03:18.488 [info] [2025-07-30T17:03:18.486Z] [MCP Server] Example: If OpenFileLines(file, 10, 20) shows content, and you want to modify line 12, use '~~~ 12', not '~~~ 3'
2025-07-30 10:03:26.584 [info] [2025-07-30T17:03:26.582Z] [MCP Server] [2025-07-30 10:03:26.406] Tool OpenFileLines invoked with arguments ["src/renderer/components/Previewer/Guides/index.tsx",6,10]
2025-07-30 10:03:26.585 [info] [2025-07-30T17:03:26.583Z] [MCP Server] [2025-07-30 10:03:26.410] OpenFileLines took 4 ms
2025-07-30 10:03:33.709 [info] [2025-07-30T17:03:33.706Z] [MCP Server] [2025-07-30 10:03:33.411] Tool ApplyPatch invoked with arguments ["*** Begin Patch\n=== src/renderer/components/Previewer/Guides/index.tsx\n~~~ 6\n-const Guides = GuidesBase as React.ComponentType\u003Cany\u003E;\n\u002Bconst Guides = GuidesBase as React.FC\u003Cany\u003E;\n*** End Patch"]
2025-07-30 10:03:33.709 [info] [2025-07-30T17:03:33.706Z] [MCP Server] [2025-07-30 10:03:33.418] ApplyPatch took 7 ms
2025-07-30 10:03:33.709 [info] [2025-07-30T17:03:33.707Z] [MCP Server] [2025-07-30 10:03:33.422] ApplyPatch result: Patch applied successfully.
2025-07-30 10:03:35.724 [info] [2025-07-30T17:03:35.721Z] [MCP Server] [2025-07-30 10:03:35.520] Index out of range error on attempt 3: Index was out of range. Must be non-negative and less than the size of the collection. (Parameter 'index')
2025-07-30 10:03:35.725 [info] [2025-07-30T17:03:35.722Z] [MCP Server] [2025-07-30 10:03:35.522] Max retries reached for index out of range error. Falling back to premium client.
2025-07-30 10:03:35.725 [info] [2025-07-30T17:03:35.722Z] [MCP Server] [ChatClient] Using Copilot model: claude-sonnet-4
2025-07-30 10:03:38.815 [info] [2025-07-30T17:03:38.810Z] [MCP Server] [2025-07-30 10:03:38.732] Tool ApplyPatch invoked with arguments ["*** Begin Patch\n=== src/renderer/components/Previewer/Guides/index.tsx\n~~~ 6\n-const Guides = GuidesBase as React.ComponentType\u003Cany\u003E;\n\u002Bconst Guides = React.forwardRef\u003Cany, any\u003E((props, ref) =\u003E \n\u002B  React.createElement(GuidesBase, { ...props, ref })\n\u002B);\n*** End Patch"]
2025-07-30 10:03:38.815 [info] [2025-07-30T17:03:38.811Z] [MCP Server] [2025-07-30 10:03:38.735] ApplyPatch took 3 ms
2025-07-30 10:03:38.815 [info] [2025-07-30T17:03:38.811Z] [MCP Server] [2025-07-30 10:03:38.737] ApplyPatch result: Patch failed: Patch mismatch at src/renderer/components/Previewer/Guides/index.tsx:5.
2025-07-30 10:03:38.815 [info] [2025-07-30T17:03:38.812Z] [MCP Server] TROUBLESHOOTING:
2025-07-30 10:03:38.816 [info] [2025-07-30T17:03:38.812Z] [MCP Server] 1. Use OpenFileLines to verify current file content
2025-07-30 10:03:38.816 [info] [2025-07-30T17:03:38.813Z] [MCP Server] 2. Ensure removed lines match exactly (including whitespace)
2025-07-30 10:03:38.816 [info] [2025-07-30T17:03:38.813Z] [MCP Server] 3. Verify line numbers are absolute file positions, not relative to OpenFileLines output
2025-07-30 10:03:38.816 [info] [2025-07-30T17:03:38.813Z] [MCP Server] 4. Check that the file hasn't been modified since you last read it
2025-07-30 10:03:38.816 [info] [2025-07-30T17:03:38.814Z] [MCP Server] Example: If OpenFileLines(file, 10, 20) shows content, and you want to modify line 12, use '~~~ 12', not '~~~ 3'
2025-07-30 10:03:42.822 [info] [2025-07-30T17:03:42.821Z] [MCP Server] [2025-07-30 10:03:42.314] GetAIResponseAsync took 113795 ms
2025-07-30 10:03:46.875 [info] [2025-07-30T17:03:46.874Z] [MCP Server] [2025-07-30 10:03:46.716] New errors introduced. Attempting to correct those errors before moving on.
2025-07-30 10:03:46.875 [info] [2025-07-30T17:03:46.874Z] [MCP Server] src/renderer/components/Previewer/Guides/index.tsx:6:16 - error TS2352: Conversion of type 'typeof Guides' to type 'FC<any>' may be a mistake because neither type sufficiently overlaps with the other. If this was intentional, convert the expression to 'unknown' first.
2025-07-30 10:03:46.875 [info] [2025-07-30T17:03:46.874Z] [MCP Server] Type 'typeof Guides' provides no match for the signature '(props: any): ReactNode | Promise<ReactNode>'.
2025-07-30 10:03:46.876 [info] [2025-07-30T17:03:46.874Z] [MCP Server] 6 const Guides = GuidesBase as React.FC<any>;
2025-07-30 10:03:46.876 [info] [2025-07-30T17:03:46.874Z] [MCP Server] ~~~~~~~~~~~~~~~~~~~~~~~~~~~
2025-07-30 10:03:57.081 [info] [2025-07-30T17:03:57.069Z] [MCP Server] [2025-07-30 10:03:56.970] GetAIResponseAsync took 10252 ms
2025-07-30 10:03:57.081 [info] [2025-07-30T17:03:57.070Z] [MCP Server] [2025-07-30 10:03:56.972] Retry develop plan response: # Fix Strategy
2025-07-30 10:03:57.081 [info] [2025-07-30T17:03:57.070Z] [MCP Server] The error shows that my previous fix attempted to cast `GuidesBase` to `React.FC<any>`, but `GuidesBase` is a class component, not a functional component. The type `React.FC` expects a function signature, but we're dealing with a class component. I need to use the correct type casting approach for class components in React 19.
2025-07-30 10:03:57.081 [info] [2025-07-30T17:03:57.071Z] [MCP Server] ## Fix Plan
2025-07-30 10:03:57.081 [info] [2025-07-30T17:03:57.071Z] [MCP Server] ### Step 1: Examine the current state of the file after my previous change
2025-07-30 10:03:57.081 [info] [2025-07-30T17:03:57.072Z] [MCP Server] ```
2025-07-30 10:03:57.081 [info] [2025-07-30T17:03:57.072Z] [MCP Server] OpenFileLines('src/renderer/components/Previewer/Guides/index.tsx', 1, 15)
2025-07-30 10:03:57.081 [info] [2025-07-30T17:03:57.073Z] [MCP Server] ```
2025-07-30 10:03:57.082 [info] [2025-07-30T17:03:57.073Z] [MCP Server] ### Step 2: Check what GuidesBase actually exports from @scena/react-guides
2025-07-30 10:03:57.082 [info] [2025-07-30T17:03:57.073Z] [MCP Server] ```
2025-07-30 10:03:57.082 [info] [2025-07-30T17:03:57.074Z] [MCP Server] SearchFileForOccurrences('src/renderer/components/Previewer/Guides/index.tsx', 'import GuidesBase')
2025-07-30 10:03:57.082 [info] [2025-07-30T17:03:57.074Z] [MCP Server] ```
2025-07-30 10:03:57.082 [info] [2025-07-30T17:03:57.074Z] [MCP Server] ### Step 3: Examine the usage of Guides component to understand the required interface
2025-07-30 10:03:57.082 [info] [2025-07-30T17:03:57.076Z] [MCP Server] ```
2025-07-30 10:03:57.082 [info] [2025-07-30T17:03:57.076Z] [MCP Server] OpenFileLines('src/renderer/components/Previewer/Guides/index.tsx', 145, 155)
2025-07-30 10:03:57.082 [info] [2025-07-30T17:03:57.076Z] [MCP Server] ```
2025-07-30 10:03:57.082 [info] [2025-07-30T17:03:57.077Z] [MCP Server] ### Step 4: Apply the correct fix using proper class component typing
2025-07-30 10:03:57.082 [info] [2025-07-30T17:03:57.077Z] [MCP Server] ```
2025-07-30 10:03:57.082 [info] [2025-07-30T17:03:57.077Z] [MCP Server] ApplyPatch with patchText containing:
2025-07-30 10:03:57.083 [info] [2025-07-30T17:03:57.078Z] [MCP Server] === src/renderer/components/Previewer/Guides/index.tsx
2025-07-30 10:03:57.083 [info] [2025-07-30T17:03:57.078Z] [MCP Server] ~~~ 6
2025-07-30 10:03:57.083 [info] [2025-07-30T17:03:57.078Z] [MCP Server] -const Guides = GuidesBase as React.FC<any>;
2025-07-30 10:03:57.083 [info] [2025-07-30T17:03:57.078Z] [MCP Server] +const Guides = GuidesBase as any;
2025-07-30 10:03:57.083 [info] [2025-07-30T17:03:57.078Z] [MCP Server] ```
2025-07-30 10:03:57.083 [info] [2025-07-30T17:03:57.079Z] [MCP Server] **Rationale:**
2025-07-30 10:03:57.083 [info] [2025-07-30T17:03:57.079Z] [MCP Server] - `React.FC` is for functional components, but `GuidesBase` is a class component
2025-07-30 10:03:57.083 [info] [2025-07-30T17:03:57.079Z] [MCP Server] - Using `as any` provides the most flexible type escape hatch for React 19 compatibility
2025-07-30 10:03:57.083 [info] [2025-07-30T17:03:57.079Z] [MCP Server] - This allows TypeScript to treat the component as compatible with JSX without strict type checking
2025-07-30 10:03:57.083 [info] [2025-07-30T17:03:57.080Z] [MCP Server] - The `any` type bypasses the strict ReactNode return type requirements that are causing the original error
2025-07-30 10:03:57.083 [info] [2025-07-30T17:03:57.080Z] [MCP Server] The plan focuses on using the simplest and most reliable type casting approach that works with both class components and React 19's stricter typing requirements.
2025-07-30 10:03:57.083 [info] [2025-07-30T17:03:57.080Z] [MCP Server] ---
2025-07-30 10:03:57.084 [info] [2025-07-30T17:03:57.080Z] [MCP Server] **Executing the plan:**
2025-07-30 10:04:00.047 [info] [2025-07-30T17:04:00.045Z] [MCP Server] [2025-07-30 10:03:59.751] Tool OpenFileLines invoked with arguments ["src/renderer/components/Previewer/Guides/index.tsx",1,15]
2025-07-30 10:04:00.047 [info] [2025-07-30T17:04:00.046Z] [MCP Server] [2025-07-30 10:03:59.754] OpenFileLines took 2 ms
2025-07-30 10:04:03.095 [info] [2025-07-30T17:04:03.094Z] [MCP Server] [2025-07-30 10:04:02.690] Tool SearchFileForOccurrences invoked with arguments ["src/renderer/components/Previewer/Guides/index.tsx","import GuidesBase"]
2025-07-30 10:04:03.596 [info] [2025-07-30T17:04:03.596Z] [MCP Server] [2025-07-30 10:04:03.129] SearchFileForOccurrences took 439 ms
2025-07-30 10:04:06.134 [info] [2025-07-30T17:04:06.132Z] [MCP Server] [2025-07-30 10:04:06.019] Tool OpenFileLines invoked with arguments ["src/renderer/components/Previewer/Guides/index.tsx",145,155]
2025-07-30 10:04:06.134 [info] [2025-07-30T17:04:06.133Z] [MCP Server] [2025-07-30 10:04:06.021] Duplicate invocation detected for: src/renderer/components/Previewer/Guides/index.tsx:145-155
2025-07-30 10:04:09.150 [info] [2025-07-30T17:04:09.148Z] [MCP Server] [2025-07-30 10:04:08.738] Tool ApplyPatch invoked with arguments ["*** Begin Patch\n=== src/renderer/components/Previewer/Guides/index.tsx\n~~~ 6\n-const Guides = GuidesBase as React.FC\u003Cany\u003E;\n\u002Bconst Guides = GuidesBase as any;\n*** End Patch"]
2025-07-30 10:04:09.151 [info] [2025-07-30T17:04:09.149Z] [MCP Server] [2025-07-30 10:04:08.744] ApplyPatch took 6 ms
2025-07-30 10:04:09.151 [info] [2025-07-30T17:04:09.149Z] [MCP Server] [2025-07-30 10:04:08.746] ApplyPatch result: Patch applied successfully.
2025-07-30 10:04:11.181 [info] [2025-07-30T17:04:11.179Z] [MCP Server] [2025-07-30 10:04:10.939] Index out of range error on attempt 1: Index was out of range. Must be non-negative and less than the size of the collection. (Parameter 'index')
2025-07-30 10:04:16.233 [info] [2025-07-30T17:04:16.232Z] [MCP Server] [2025-07-30 10:04:16.130] Tool OpenFileLines invoked with arguments ["src/renderer/components/Previewer/Guides/index.tsx",1,15]
2025-07-30 10:04:16.233 [info] [2025-07-30T17:04:16.233Z] [MCP Server] [2025-07-30 10:04:16.135] Duplicate invocation detected for: src/renderer/components/Previewer/Guides/index.tsx:1-15
2025-07-30 10:04:19.268 [info] [2025-07-30T17:04:19.267Z] [MCP Server] [2025-07-30 10:04:18.936] Tool SearchFileForOccurrences invoked with arguments ["src/renderer/components/Previewer/Guides/index.tsx","import GuidesBase"]
2025-07-30 10:04:19.781 [info] [2025-07-30T17:04:19.781Z] [MCP Server] [2025-07-30 10:04:19.279] SearchFileForOccurrences took 343 ms
2025-07-30 10:04:22.810 [info] [2025-07-30T17:04:22.808Z] [MCP Server] [2025-07-30 10:04:22.649] Tool OpenFileLines invoked with arguments ["src/renderer/components/Previewer/Guides/index.tsx",145,155]
2025-07-30 10:04:22.810 [info] [2025-07-30T17:04:22.809Z] [MCP Server] [2025-07-30 10:04:22.653] Duplicate invocation detected for: src/renderer/components/Previewer/Guides/index.tsx:145-155
2025-07-30 10:04:25.353 [info] [2025-07-30T17:04:25.352Z] [MCP Server] [2025-07-30 10:04:25.267] Tool OpenFileLines invoked with arguments ["src/renderer/components/Previewer/Guides/index.tsx",5,8]
2025-07-30 10:04:25.353 [info] [2025-07-30T17:04:25.353Z] [MCP Server] [2025-07-30 10:04:25.272] Duplicate invocation detected for: src/renderer/components/Previewer/Guides/index.tsx:5-8
2025-07-30 10:04:32.438 [info] [2025-07-30T17:04:32.435Z] [MCP Server] [2025-07-30 10:04:32.145] Tool ApplyPatch invoked with arguments ["*** Begin Patch\n=== src/renderer/components/Previewer/Guides/index.tsx\n~~~ 6\n-const Guides = GuidesBase as React.FC\u003Cany\u003E;\n\u002Bconst Guides = GuidesBase as any;\n*** End Patch"]
2025-07-30 10:04:32.438 [info] [2025-07-30T17:04:32.436Z] [MCP Server] [2025-07-30 10:04:32.148] ApplyPatch took 2 ms
2025-07-30 10:04:32.438 [info] [2025-07-30T17:04:32.436Z] [MCP Server] [2025-07-30 10:04:32.148] ApplyPatch result: Patch failed: Patch mismatch at src/renderer/components/Previewer/Guides/index.tsx:5.
2025-07-30 10:04:32.438 [info] [2025-07-30T17:04:32.437Z] [MCP Server] TROUBLESHOOTING:
2025-07-30 10:04:32.438 [info] [2025-07-30T17:04:32.437Z] [MCP Server] 1. Use OpenFileLines to verify current file content
2025-07-30 10:04:32.438 [info] [2025-07-30T17:04:32.437Z] [MCP Server] 2. Ensure removed lines match exactly (including whitespace)
2025-07-30 10:04:32.439 [info] [2025-07-30T17:04:32.437Z] [MCP Server] 3. Verify line numbers are absolute file positions, not relative to OpenFileLines output
2025-07-30 10:04:32.439 [info] [2025-07-30T17:04:32.438Z] [MCP Server] 4. Check that the file hasn't been modified since you last read it
2025-07-30 10:04:32.439 [info] [2025-07-30T17:04:32.438Z] [MCP Server] Example: If OpenFileLines(file, 10, 20) shows content, and you want to modify line 12, use '~~~ 12', not '~~~ 3'
2025-07-30 10:04:37.991 [info] [2025-07-30T17:04:37.990Z] [MCP Server] [2025-07-30 10:04:37.799] Tool OpenFileLines invoked with arguments ["src/renderer/components/Previewer/Guides/index.tsx",6,7]
2025-07-30 10:04:37.991 [info] [2025-07-30T17:04:37.990Z] [MCP Server] [2025-07-30 10:04:37.805] OpenFileLines took 5 ms
2025-07-30 10:04:41.526 [info] [2025-07-30T17:04:41.526Z] [MCP Server] [2025-07-30 10:04:41.324] GetAIResponseAsync took 44351 ms
2025-07-30 10:04:46.075 [info] [2025-07-30T17:04:46.073Z] [MCP Server] [2025-07-30 10:04:45.803] All errors resolved after retrying individual error src/renderer/components/Previewer/Guides/index.tsx:149:14 - error TS2786: 'Guides' cannot be used as a JSX component.
2025-07-30 10:04:46.075 [info] [2025-07-30T17:04:46.073Z] [MCP Server] Its type 'typeof Guides' is not a valid JSX element type.
2025-07-30 10:04:46.075 [info] [2025-07-30T17:04:46.073Z] [MCP Server] Types of construct signatures are incompatible.
2025-07-30 10:04:46.075 [info] [2025-07-30T17:04:46.073Z] [MCP Server] Type 'new (props: GuidesProps) => Guides' is not assignable to type 'new (props: any, context: any) => Component<any, any, any>'.
2025-07-30 10:04:46.075 [info] [2025-07-30T17:04:46.074Z] [MCP Server] Construct signature return types 'Guides' and 'Component<any, any, any>' are incompatible.
2025-07-30 10:04:46.075 [info] --- Log cleared to prevent buffer overflow ---
2025-07-30 10:04:46.075 [info] [2025-07-30T17:04:46.074Z] [MCP Server] The types returned by 'render()' are incompatible between these types.
2025-07-30 10:04:46.076 [info] [2025-07-30T17:04:46.074Z] [MCP Server] Type 'Element' is not assignable to type 'ReactNode'.
2025-07-30 10:04:46.076 [info] [2025-07-30T17:04:46.074Z] [MCP Server] Property 'children' is missing in type 'ReactElement<any, any>' but required in type 'ReactPortal'.
2025-07-30 10:04:46.076 [info] [2025-07-30T17:04:46.074Z] [MCP Server] 149             <Guides
2025-07-30 10:04:46.076 [info] [2025-07-30T17:04:46.074Z] [MCP Server] ~~~~~~
2025-07-30 10:04:46.076 [info] [2025-07-30T17:04:46.074Z] [MCP Server] node_modules/@types/react/index.d.ts:388:9
2025-07-30 10:04:46.076 [info] [2025-07-30T17:04:46.074Z] [MCP Server] 388         children: ReactNode;
2025-07-30 10:04:46.076 [info] [2025-07-30T17:04:46.075Z] [MCP Server] ~~~~~~~~
2025-07-30 10:04:46.076 [info] [2025-07-30T17:04:46.075Z] [MCP Server] 'children' is declared here.
2025-07-30 10:04:46.076 [info] [2025-07-30T17:04:46.075Z] [MCP Server] [2025-07-30 10:04:45.804] Made progress in fixing errors. Rebuilding and regrouping remaining errors.
2025-07-30 10:04:50.627 [info] [2025-07-30T17:04:50.619Z] [MCP Server] [2025-07-30 10:04:50.109] Successfully resolved all build errors after updating @headlessui-float/react @headlessui/react @iconify/react @reduxjs/toolkit autoprefixer postcss re-resizable react react-dom react-markdown react-redux react-router-dom react-tabs redux redux-thunk use-sound @pmmmwh/react-refresh-webpack-plugin @testing-library/react @types/node @types/react @types/react-dom @typescript-eslint/eslint-plugin @typescript-eslint/parser css-loader css-minimizer-webpack-plugin eslint eslint-config-erb eslint-import-resolver-typescript eslint-import-resolver-webpack eslint-plugin-compat eslint-plugin-import eslint-plugin-jest eslint-plugin-jsx-a11y eslint-plugin-promise eslint-plugin-react eslint-plugin-react-hooks html-webpack-plugin jest mini-css-extract-plugin postcss-loader react-refresh react-test-renderer sass sass-loader style-loader terser-webpack-plugin ts-jest ts-loader ts-node typescript webpack webpack-cli webpack-dev-server.
2025-07-30 10:04:50.627 [info] [2025-07-30T17:04:50.619Z] [MCP Server] [2025-07-30 10:04:50.112] Temp directory C:\Users\lucygramley\AppData\Local\Temp\group_f97cae4610834a24aff4585b7b1d1ce6 deleted.
2025-07-30 10:04:50.627 [info] [2025-07-30T17:04:50.620Z] [MCP Server] [2025-07-30 10:04:50.114] Modified files while updating package(s) @headlessui-float/react @headlessui/react @iconify/react @reduxjs/toolkit autoprefixer postcss re-resizable react react-dom react-markdown react-redux react-router-dom react-tabs redux redux-thunk use-sound @pmmmwh/react-refresh-webpack-plugin @testing-library/react @types/node @types/react @types/react-dom @typescript-eslint/eslint-plugin @typescript-eslint/parser css-loader css-minimizer-webpack-plugin eslint eslint-config-erb eslint-import-resolver-typescript eslint-import-resolver-webpack eslint-plugin-compat eslint-plugin-import eslint-plugin-jest eslint-plugin-jsx-a11y eslint-plugin-promise eslint-plugin-react eslint-plugin-react-hooks html-webpack-plugin jest mini-css-extract-plugin postcss-loader react-refresh react-test-renderer sass sass-loader style-loader terser-webpack-plugin ts-jest ts-loader ts-node typescript webpack webpack-cli webpack-dev-server:
2025-07-30 10:04:50.627 [info] [2025-07-30T17:04:50.620Z] [MCP Server] package.json
2025-07-30 10:04:50.627 [info] [2025-07-30T17:04:50.621Z] [MCP Server] yarn.lock
2025-07-30 10:04:50.628 [info] [2025-07-30T17:04:50.621Z] [MCP Server] src/renderer/components/Accordion/Accordion.tsx
2025-07-30 10:04:50.628 [info] [2025-07-30T17:04:50.622Z] [MCP Server] src/renderer/components/Accordion/AccordionItem.tsx
2025-07-30 10:04:50.628 [info] [2025-07-30T17:04:50.622Z] [MCP Server] src/renderer/components/Modal/index.tsx
2025-07-30 10:04:50.628 [info] [2025-07-30T17:04:50.622Z] [MCP Server] src/renderer/components/Button/Button.test.tsx
2025-07-30 10:04:50.628 [info] [2025-07-30T17:04:50.622Z] [MCP Server] src/renderer/components/DeviceManager/DeviceLabel.tsx
2025-07-30 10:04:50.628 [info] [2025-07-30T17:04:50.623Z] [MCP Server] src/renderer/components/DeviceManager/PreviewSuites/ManageSuitesTool/helpers.test.tsx
2025-07-30 10:04:50.628 [info] [2025-07-30T17:04:50.623Z] [MCP Server] src/renderer/components/DeviceManager/PreviewSuites/ManageSuitesTool/ManageSuitesTool.test.tsx
2025-07-30 10:04:50.628 [info] [2025-07-30T17:04:50.623Z] [MCP Server] src/renderer/components/DeviceManager/PreviewSuites/ManageSuitesTool/ManageSuitesToolError.test.tsx
2025-07-30 10:04:50.628 [info] [2025-07-30T17:04:50.623Z] [MCP Server] src/renderer/components/DeviceManager/PreviewSuites/Suite.tsx
2025-07-30 10:04:50.628 [info] [2025-07-30T17:04:50.623Z] [MCP Server] src/renderer/components/DropDown/index.tsx
2025-07-30 10:04:50.628 [info] [2025-07-30T17:04:50.624Z] [MCP Server] src/renderer/components/FileUploader/FileUploader.test.tsx
2025-07-30 10:04:50.629 [info] [2025-07-30T17:04:50.624Z] [MCP Server] src/renderer/components/ToolBar/Menu/Flyout/Settings/SettingsContent.test.tsx
2025-07-30 10:04:50.629 [info] [2025-07-30T17:04:50.625Z] [MCP Server] src/renderer/components/ModalLoader/index.tsx
2025-07-30 10:04:50.629 [info] [2025-07-30T17:04:50.625Z] [MCP Server] src/renderer/components/Previewer/Guides/index.tsx
2025-07-30 10:04:50.629 [info] [2025-07-30T17:04:50.626Z] [MCP Server] [2025-07-30 10:04:50.123] Deleted temp directory for PackageUpdater.
2025-07-30 10:04:50.629 [info] [2025-07-30T17:04:50.626Z] [MCP Server] [2025-07-30 10:04:50.124] Package group @headlessui-float/react @headlessui/react @iconify/react @reduxjs/toolkit autoprefixer postcss re-resizable react react-dom react-markdown react-redux react-router-dom react-tabs redux redux-thunk use-sound @pmmmwh/react-refresh-webpack-plugin @testing-library/react @types/node @types/react @types/react-dom @typescript-eslint/eslint-plugin @typescript-eslint/parser css-loader css-minimizer-webpack-plugin eslint eslint-config-erb eslint-import-resolver-typescript eslint-import-resolver-webpack eslint-plugin-compat eslint-plugin-import eslint-plugin-jest eslint-plugin-jsx-a11y eslint-plugin-promise eslint-plugin-react eslint-plugin-react-hooks html-webpack-plugin jest mini-css-extract-plugin postcss-loader react-refresh react-test-renderer sass sass-loader style-loader terser-webpack-plugin ts-jest ts-loader ts-node typescript webpack webpack-cli webpack-dev-server completed in 01:24:41.
2025-07-30 10:04:50.629 [info] [2025-07-30T17:04:50.626Z] [MCP Server] Successfully upgraded 53 packages: @headlessui-float/react,@headlessui/react,@iconify/react,@pmmmwh/react-refresh-webpack-plugin,@reduxjs/toolkit,@testing-library/react,@types/node,@types/react,@types/react-dom,@typescript-eslint/eslint-plugin,@typescript-eslint/parser,autoprefixer,css-loader,css-minimizer-webpack-plugin,eslint,eslint-config-erb,eslint-import-resolver-typescript,eslint-import-resolver-webpack,eslint-plugin-compat,eslint-plugin-import,eslint-plugin-jest,eslint-plugin-jsx-a11y,eslint-plugin-promise,eslint-plugin-react,eslint-plugin-react-hooks,html-webpack-plugin,jest,mini-css-extract-plugin,postcss,postcss-loader,re-resizable,react,react-dom,react-markdown,react-redux,react-refresh,react-router-dom,react-tabs,react-test-renderer,redux,redux-thunk,sass,sass-loader,style-loader,terser-webpack-plugin,ts-jest,ts-loader,ts-node,typescript,use-sound,webpack,webpack-cli,webpack-dev-server
2025-07-30 10:06:44.844 [info] [2025-07-30T17:06:44.840Z] [MCP Server] [ChatClient] Using Copilot model: claude-sonnet-4
2025-07-30 10:06:44.844 [info] [2025-07-30T17:06:44.841Z] [MCP Server] [2025-07-30 10:06:44.510] Using VS Code provided token for Kusto authentication
2025-07-30 10:06:44.846 [info] [2025-07-30T17:06:44.842Z] [MCP Server] [2025-07-30 10:06:44.512] Updating package group (3/42): browser-sync
2025-07-30 10:07:52.708 [info] [2025-07-30T17:07:52.705Z] [MCP Server] [2025-07-30 10:07:52.385] Updating browser-sync from ^2.29.3 to ^3.0.4
2025-07-30 10:08:14.493 [info] [2025-07-30T17:08:14.490Z] [MCP Server] [2025-07-30 10:08:14.066] No new errors found after updating browser-sync.
2025-07-30 10:08:14.493 [info] [2025-07-30T17:08:14.490Z] [MCP Server] [2025-07-30 10:08:14.068] Modified files while updating package(s) browser-sync:
2025-07-30 10:08:14.493 [info] [2025-07-30T17:08:14.490Z] [MCP Server] package.json
2025-07-30 10:08:14.493 [info] [2025-07-30T17:08:14.490Z] [MCP Server] yarn.lock
2025-07-30 10:08:14.493 [info] [2025-07-30T17:08:14.491Z] [MCP Server] [2025-07-30 10:08:14.069] Deleted temp directory for PackageUpdater.
2025-07-30 10:08:14.493 [info] [2025-07-30T17:08:14.491Z] [MCP Server] [2025-07-30 10:08:14.070] Package group browser-sync completed in 00:01:29.
2025-07-30 10:08:14.493 [info] [2025-07-30T17:08:14.491Z] [MCP Server] Successfully upgraded 1 packages: browser-sync
2025-07-30 10:08:14.493 [info] [2025-07-30T17:08:14.492Z] [MCP Server] [ChatClient] Using Copilot model: claude-sonnet-4
2025-07-30 10:08:14.493 [info] [2025-07-30T17:08:14.492Z] [MCP Server] [2025-07-30 10:08:14.071] Using VS Code provided token for Kusto authentication
2025-07-30 10:08:14.493 [info] [2025-07-30T17:08:14.492Z] [MCP Server] [2025-07-30 10:08:14.072] Updating package group (4/42): classnames
2025-07-30 10:08:26.697 [info] [2025-07-30T17:08:26.696Z] [MCP Server] [2025-07-30 10:08:26.349] Updating classnames from ^2.3.1 to ^2.5.1
2025-07-30 10:08:30.760 [info] [2025-07-30T17:08:30.755Z] [MCP Server] [2025-07-30 10:08:30.523] No new errors found after updating classnames.
2025-07-30 10:08:30.760 [info] [2025-07-30T17:08:30.756Z] [MCP Server] [2025-07-30 10:08:30.525] Modified files while updating package(s) classnames:
2025-07-30 10:08:30.760 [info] [2025-07-30T17:08:30.757Z] [MCP Server] package.json
2025-07-30 10:08:30.760 [info] [2025-07-30T17:08:30.757Z] [MCP Server] yarn.lock
2025-07-30 10:08:30.760 [info] [2025-07-30T17:08:30.757Z] [MCP Server] [2025-07-30 10:08:30.528] Deleted temp directory for PackageUpdater.
2025-07-30 10:08:30.761 [info] [2025-07-30T17:08:30.758Z] [MCP Server] [2025-07-30 10:08:30.529] Package group classnames completed in 00:00:16.
2025-07-30 10:08:30.761 [info] [2025-07-30T17:08:30.758Z] [MCP Server] Successfully upgraded 1 packages: classnames
2025-07-30 10:08:30.761 [info] [2025-07-30T17:08:30.759Z] [MCP Server] [ChatClient] Using Copilot model: claude-sonnet-4
2025-07-30 10:08:30.761 [info] [2025-07-30T17:08:30.759Z] [MCP Server] [2025-07-30 10:08:30.532] Using VS Code provided token for Kusto authentication
2025-07-30 10:08:30.761 [info] [2025-07-30T17:08:30.759Z] [MCP Server] [2025-07-30 10:08:30.534] Updating package group (5/42): custom-electron-titlebar electron
2025-07-30 10:08:44.492 [info] [2025-07-30T17:08:44.490Z] [MCP Server] [2025-07-30 10:08:44.185] Updating custom-electron-titlebar from ^4.2.7 to ^4.2.8, electron from ^27.0.4 to ^37.2.4
2025-07-30 10:08:48.614 [info] [2025-07-30T17:08:48.612Z] [MCP Server] [2025-07-30 10:08:48.539] Found 1 new errors after updating custom-electron-titlebar electron.
2025-07-30 10:08:48.614 [info] [2025-07-30T17:08:48.612Z] [MCP Server] [2025-07-30 10:08:48.540] Executing query: Errors
2025-07-30 10:08:48.614 [info] [2025-07-30T17:08:48.613Z] [MCP Server] | where PackageName == 'custom-electron-titlebar' and TargetVersion == '4'
2025-07-30 10:08:49.124 [info] [2025-07-30T17:08:49.117Z] [MCP Server] [2025-07-30 10:08:48.877] Kusto query failed: Unauthorized (401-Unauthorized): . This normally represents a permanent error, and retrying is unlikely to help.
2025-07-30 10:08:49.124 [info] [2025-07-30T17:08:49.118Z] [MCP Server] Error details:
2025-07-30 10:08:49.124 [info] [2025-07-30T17:08:49.119Z] [MCP Server] DataSource='https://typescripterrors.eastus2.kusto.windows.net/v1/rest/query',
2025-07-30 10:08:49.124 [info] [2025-07-30T17:08:49.119Z] [MCP Server] DatabaseName='typescripterrors',
2025-07-30 10:08:49.125 [info] [2025-07-30T17:08:49.119Z] [MCP Server] ClientRequestId='KD2RunQuery;96321205-8922-4574-912f-63d6af2a5871',
2025-07-30 10:08:49.125 [info] [2025-07-30T17:08:49.119Z] [MCP Server] ActivityId='8c536fa9-910e-4558-beb6-f86a08621b42,
2025-07-30 10:08:49.126 [info] [2025-07-30T17:08:49.120Z] [MCP Server] Timestamp='2025-07-30T17:08:48.8754949Z'.
2025-07-30 10:08:49.126 [info] [2025-07-30T17:08:49.120Z] [MCP Server] [2025-07-30 10:08:48.879] Authentication error detected. The VS Code token may have expired (30-day lifetime). Please restart VS Code or refresh the Kusto token using the 'JS/TS Upgrade: Refresh Kusto Authentication Token' command.
2025-07-30 10:08:49.126 [info] [2025-07-30T17:08:49.121Z] [MCP Server] [2025-07-30 10:08:48.880] No fixes found for package custom-electron-titlebar version 4
2025-07-30 10:08:49.126 [info] [2025-07-30T17:08:49.122Z] [MCP Server] [2025-07-30 10:08:48.882] Executing query: Errors
2025-07-30 10:08:49.126 [info] [2025-07-30T17:08:49.122Z] [MCP Server] | where PackageName == 'electron' and TargetVersion == '37'
2025-07-30 10:08:49.641 [info] [2025-07-30T17:08:49.632Z] [MCP Server] [2025-07-30 10:08:49.224] Kusto query failed: Unauthorized (401-Unauthorized): . This normally represents a permanent error, and retrying is unlikely to help.
2025-07-30 10:08:49.641 [info] [2025-07-30T17:08:49.633Z] [MCP Server] Error details:
2025-07-30 10:08:49.641 [info] [2025-07-30T17:08:49.633Z] [MCP Server] DataSource='https://typescripterrors.eastus2.kusto.windows.net/v1/rest/query',
2025-07-30 10:08:49.641 [info] [2025-07-30T17:08:49.634Z] [MCP Server] DatabaseName='typescripterrors',
2025-07-30 10:08:49.641 [info] [2025-07-30T17:08:49.634Z] [MCP Server] ClientRequestId='KD2RunQuery;1ec7569f-7882-4176-a67f-0241c145a890',
2025-07-30 10:08:49.642 [info] [2025-07-30T17:08:49.634Z] [MCP Server] ActivityId='0a650e03-7b8b-46bd-84e1-95410b7f3ac5,
2025-07-30 10:08:49.642 [info] [2025-07-30T17:08:49.635Z] [MCP Server] Timestamp='2025-07-30T17:08:49.2215783Z'.
2025-07-30 10:08:49.642 [info] [2025-07-30T17:08:49.635Z] [MCP Server] [2025-07-30 10:08:49.226] Authentication error detected. The VS Code token may have expired (30-day lifetime). Please restart VS Code or refresh the Kusto token using the 'JS/TS Upgrade: Refresh Kusto Authentication Token' command.
2025-07-30 10:08:49.643 [info] [2025-07-30T17:08:49.635Z] [MCP Server] [2025-07-30 10:08:49.227] No fixes found for package electron version 37
2025-07-30 10:08:49.643 [info] [2025-07-30T17:08:49.635Z] [MCP Server] [2025-07-30 10:08:49.229] 1 errors left after applying known fixes. Attempting to resolve with AI...
2025-07-30 10:08:49.646 [info] [2025-07-30T17:08:49.636Z] [MCP Server] [2025-07-30 10:08:49.232] Fixing 1 build errors after updating custom-electron-titlebar electron
2025-07-30 10:08:49.646 [info] [2025-07-30T17:08:49.636Z] [MCP Server] [2025-07-30 10:08:49.235] 1 error groups left.
2025-07-30 10:08:49.646 [info] [2025-07-30T17:08:49.637Z] [MCP Server] [2025-07-30 10:08:49.237] Attempting to fix error group with errors:
2025-07-30 10:08:49.646 [info] [2025-07-30T17:08:49.637Z] [MCP Server] Example 1:
2025-07-30 10:08:49.646 [info] [2025-07-30T17:08:49.638Z] [MCP Server] src/main/preload.ts:24:43 - error TS2345: Argument of type '(...args: T[]) => void' is not assignable to parameter of type '(event: IpcRendererEvent, ...args: any[]) => void'.
2025-07-30 10:08:49.646 [info] [2025-07-30T17:08:49.638Z] [MCP Server] Types of parameters 'args' and 'event' are incompatible.
2025-07-30 10:08:49.646 [info] [2025-07-30T17:08:49.638Z] [MCP Server] Type 'IpcRendererEvent' is not assignable to type 'T'.
2025-07-30 10:08:49.646 [info] [2025-07-30T17:08:49.639Z] [MCP Server] 'T' could be instantiated with an arbitrary type which could be unrelated to 'IpcRendererEvent'.
2025-07-30 10:08:49.646 [info] [2025-07-30T17:08:49.639Z] [MCP Server] 24       ipcRenderer.removeListener(channel, listener);
2025-07-30 10:08:49.646 [info] [2025-07-30T17:08:49.639Z] [MCP Server] ~~~~~~~~
2025-07-30 10:09:06.406 [info] [2025-07-30T17:09:06.388Z] [MCP Server] [2025-07-30 10:09:06.215] GetAIResponseAsync took 16976 ms
2025-07-30 10:09:06.406 [info] [2025-07-30T17:09:06.389Z] [MCP Server] [2025-07-30 10:09:06.219] Group develop plan response: # Comprehensive Fix Plan for TypeScript Compilation Errors
2025-07-30 10:09:06.407 [info] [2025-07-30T17:09:06.389Z] [MCP Server] ## Fix Strategy Summary
2025-07-30 10:09:06.407 [info] [2025-07-30T17:09:06.390Z] [MCP Server] The error indicates a breaking change in Electron's IPC renderer API. The `removeListener` method now expects a listener function with a specific signature that includes an `IpcRendererEvent` parameter, but the current code is passing a generic listener function that doesn't match this signature.
2025-07-30 10:09:06.407 [info] [2025-07-30T17:09:06.390Z] [MCP Server] ## Detailed Execution Plan
2025-07-30 10:09:06.407 [info] [2025-07-30T17:09:06.390Z] [MCP Server] ### Step 1: Examine the problematic file structure
2025-07-30 10:09:06.407 [info] [2025-07-30T17:09:06.390Z] [MCP Server] **Tool:** `OpenFile`
2025-07-30 10:09:06.407 [info] [2025-07-30T17:09:06.391Z] [MCP Server] **Arguments:** `filePath: "src/main/preload.ts"`
2025-07-30 10:09:06.407 [info] [2025-07-30T17:09:06.391Z] [MCP Server] **Purpose:** Understand the complete context of the preload file and identify the IPC-related code patterns
2025-07-30 10:09:06.407 [info] [2025-07-30T17:09:06.391Z] [MCP Server] ### Step 2: Locate all IPC listener patterns in the file
2025-07-30 10:09:06.407 [info] [2025-07-30T17:09:06.391Z] [MCP Server] **Tool:** `SearchFileForOccurrences`
2025-07-30 10:09:06.407 [info] [2025-07-30T17:09:06.392Z] [MCP Server] **Arguments:** `filePath: "src/main/preload.ts"`, `searchString: "ipcRenderer"`
2025-07-30 10:09:06.407 [info] [2025-07-30T17:09:06.392Z] [MCP Server] **Purpose:** Find all instances of ipcRenderer usage to understand the scope of changes needed
2025-07-30 10:09:06.408 [info] [2025-07-30T17:09:06.392Z] [MCP Server] ### Step 3: Search for listener-related method calls
2025-07-30 10:09:06.408 [info] [2025-07-30T17:09:06.392Z] [MCP Server] **Tool:** `SearchFileForOccurrences`
2025-07-30 10:09:06.408 [info] [2025-07-30T17:09:06.393Z] [MCP Server] **Arguments:** `filePath: "src/main/preload.ts"`, `searchString: "removeListener"`
2025-07-30 10:09:06.408 [info] [2025-07-30T17:09:06.393Z] [MCP Server] **Purpose:** Locate the specific removeListener calls that are causing compilation errors
2025-07-30 10:09:06.408 [info] [2025-07-30T17:09:06.393Z] [MCP Server] ### Step 4: Examine the listener function definitions
2025-07-30 10:09:06.408 [info] [2025-07-30T17:09:06.393Z] [MCP Server] **Tool:** `SearchFileForOccurrences`
2025-07-30 10:09:06.408 [info] [2025-07-30T17:09:06.393Z] [MCP Server] **Arguments:** `filePath: "src/main/preload.ts"`, `searchString: "listener"`
2025-07-30 10:09:06.408 [info] [2025-07-30T17:09:06.394Z] [MCP Server] **Purpose:** Find how listener functions are defined and used throughout the file
2025-07-30 10:09:06.408 [info] [2025-07-30T17:09:06.395Z] [MCP Server] ### Step 5: Check for other IPC methods that might need similar fixes
2025-07-30 10:09:06.408 [info] [2025-07-30T17:09:06.395Z] [MCP Server] **Tool:** `SearchFileForOccurrences`
2025-07-30 10:09:06.408 [info] [2025-07-30T17:09:06.395Z] [MCP Server] **Arguments:** `filePath: "src/main/preload.ts"`, `searchString: "addListener"`
2025-07-30 10:09:06.408 [info] [2025-07-30T17:09:06.395Z] [MCP Server] **Purpose:** Identify if addListener or other IPC methods also need signature updates
2025-07-30 10:09:06.408 [info] [2025-07-30T17:09:06.395Z] [MCP Server] ### Step 6: Examine the exact lines around the error
2025-07-30 10:09:06.408 [info] [2025-07-30T17:09:06.396Z] [MCP Server] **Tool:** `OpenFileLines`
2025-07-30 10:09:06.408 [info] [2025-07-30T17:09:06.396Z] [MCP Server] **Arguments:** `filePath: "src/main/preload.ts"`, `startLine: 20`, `endLine: 30`
2025-07-30 10:09:06.408 [info] [2025-07-30T17:09:06.396Z] [MCP Server] **Purpose:** Get precise context around line 24 to understand the listener usage pattern
2025-07-30 10:09:06.408 [info] [2025-07-30T17:09:06.397Z] [MCP Server] ### Step 7: Check for type definitions and imports
2025-07-30 10:09:06.408 [info] [2025-07-30T17:09:06.397Z] [MCP Server] **Tool:** `SearchFileForOccurrences`
2025-07-30 10:09:06.408 [info] [2025-07-30T17:09:06.397Z] [MCP Server] **Arguments:** `filePath: "src/main/preload.ts"`, `searchString: "import"`
2025-07-30 10:09:06.408 [info] [2025-07-30T17:09:06.397Z] [MCP Server] **Purpose:** Verify if IpcRendererEvent is imported and available for type annotations
2025-07-30 10:09:06.409 [info] [2025-07-30T17:09:06.397Z] [MCP Server] ### Step 8: Apply comprehensive IPC listener signature fixes
2025-07-30 10:09:06.409 [info] [2025-07-30T17:09:06.398Z] [MCP Server] **Tool:** `ApplyRegexSolutions`
2025-07-30 10:09:06.409 [info] [2025-07-30T17:09:06.398Z] [MCP Server] **Arguments:**
2025-07-30 10:09:06.409 [info] [2025-07-30T17:09:06.398Z] [MCP Server] ```json
2025-07-30 10:09:06.409 [info] [2025-07-30T17:09:06.398Z] [MCP Server] {
2025-07-30 10:09:06.409 [info] [2025-07-30T17:09:06.399Z] [MCP Server] "files": ["src/main/preload.ts"],
2025-07-30 10:09:06.409 [info] [2025-07-30T17:09:06.399Z] [MCP Server] "replacements": [
2025-07-30 10:09:06.409 [info] [2025-07-30T17:09:06.399Z] [MCP Server] {
2025-07-30 10:09:06.409 [info] [2025-07-30T17:09:06.400Z] [MCP Server] "pattern": "ipcRenderer\\.removeListener\\(([^,]+),\\s*([^)]+)\\)",
2025-07-30 10:09:06.409 [info] [2025-07-30T17:09:06.400Z] [MCP Server] "replacement": "ipcRenderer.removeListener($1, (event: IpcRendererEvent, ...args: any[]) => $2(event, ...args))"
2025-07-30 10:09:06.410 [info] [2025-07-30T17:09:06.400Z] [MCP Server] },
2025-07-30 10:09:06.410 [info] [2025-07-30T17:09:06.401Z] [MCP Server] {
2025-07-30 10:09:06.410 [info] [2025-07-30T17:09:06.401Z] [MCP Server] "pattern": "ipcRenderer\\.addListener\\(([^,]+),\\s*([^)]+)\\)",
2025-07-30 10:09:06.410 [info] [2025-07-30T17:09:06.401Z] [MCP Server] "replacement": "ipcRenderer.addListener($1, (event: IpcRendererEvent, ...args: any[]) => $2(event, ...args))"
2025-07-30 10:09:06.410 [info] [2025-07-30T17:09:06.401Z] [MCP Server] },
2025-07-30 10:09:06.410 [info] [2025-07-30T17:09:06.402Z] [MCP Server] {
2025-07-30 10:09:06.410 [info] [2025-07-30T17:09:06.402Z] [MCP Server] "pattern": "ipcRenderer\\.on\\(([^,]+),\\s*([^)]+)\\)",
2025-07-30 10:09:06.410 [info] [2025-07-30T17:09:06.402Z] [MCP Server] "replacement": "ipcRenderer.on($1, (event: IpcRendererEvent, ...args: any[]) => $2(event, ...args))"
2025-07-30 10:09:06.410 [info] [2025-07-30T17:09:06.402Z] [MCP Server] }
2025-07-30 10:09:06.410 [info] [2025-07-30T17:09:06.403Z] [MCP Server] ]
2025-07-30 10:09:06.410 [info] [2025-07-30T17:09:06.403Z] [MCP Server] }
2025-07-30 10:09:06.410 [info] [2025-07-30T17:09:06.403Z] [MCP Server] ```
2025-07-30 10:09:06.410 [info] [2025-07-30T17:09:06.403Z] [MCP Server] **Purpose:** Update all IPC listener method calls to use the correct function signature that includes the IpcRendererEvent parameter
2025-07-30 10:09:06.411 [info] [2025-07-30T17:09:06.403Z] [MCP Server] ## Expected Outcome
2025-07-30 10:09:06.411 [info] [2025-07-30T17:09:06.404Z] [MCP Server] This plan will systematically:
2025-07-30 10:09:06.411 [info] [2025-07-30T17:09:06.404Z] [MCP Server] 1. Gather complete context about the IPC usage patterns
2025-07-30 10:09:06.411 [info] [2025-07-30T17:09:06.404Z] [MCP Server] 2. Identify all locations requiring signature updates
2025-07-30 10:09:06.411 [info] [2025-07-30T17:09:06.404Z] [MCP Server] 3. Apply consistent fixes to ensure listener functions match Electron v37's expected signature
2025-07-30 10:09:06.411 [info] [2025-07-30T17:09:06.405Z] [MCP Server] 4. Maintain backward compatibility by wrapping existing listener functions with the new signature
2025-07-30 10:09:06.411 [info] [2025-07-30T17:09:06.405Z] [MCP Server] The fixes will transform generic listener functions to properly typed functions that accept `IpcRendererEvent` as the first parameter, resolving the TypeScript compilation errors while preserving existing functionality.
2025-07-30 10:09:08.915 [info] [2025-07-30T17:09:08.913Z] [MCP Server] [2025-07-30 10:09:08.531] Tool OpenFile invoked with arguments ["src/main/preload.ts"]
2025-07-30 10:09:08.916 [info] [2025-07-30T17:09:08.914Z] [MCP Server] [2025-07-30 10:09:08.538] OpenFile took 6 ms
2025-07-30 10:09:16.600 [info] [2025-07-30T17:09:16.598Z] [MCP Server] [2025-07-30 10:09:16.557] Tool SearchFileForOccurrences invoked with arguments ["src/main/preload.ts","removeListener"]
2025-07-30 10:09:17.586 [info] [2025-07-30T17:09:17.584Z] [MCP Server] [2025-07-30 10:09:17.196] SearchFileForOccurrences took 639 ms
2025-07-30 10:09:22.689 [info] [2025-07-30T17:09:22.687Z] [MCP Server] [2025-07-30 10:09:22.235] Tool SearchFileForOccurrences invoked with arguments ["src/main/preload.ts","ipcRenderer.removeListener"]
2025-07-30 10:09:22.689 [info] [2025-07-30T17:09:22.688Z] [MCP Server] [2025-07-30 10:09:22.605] SearchFileForOccurrences took 370 ms
2025-07-30 10:09:29.283 [info] [2025-07-30T17:09:29.281Z] [MCP Server] [2025-07-30 10:09:28.988] Tool OpenFileLines invoked with arguments ["src/main/preload.ts",20,30]
2025-07-30 10:09:29.283 [info] [2025-07-30T17:09:29.281Z] [MCP Server] [2025-07-30 10:09:28.991] OpenFileLines took 3 ms
2025-07-30 10:09:37.395 [info] [2025-07-30T17:09:37.394Z] [MCP Server] [2025-07-30 10:09:37.066] Tool OpenFileLines invoked with arguments ["src/main/preload.ts",9,16]
2025-07-30 10:09:37.395 [info] [2025-07-30T17:09:37.394Z] [MCP Server] [2025-07-30 10:09:37.070] OpenFileLines took 4 ms
2025-07-30 10:09:47.511 [info] [2025-07-30T17:09:47.508Z] [MCP Server] [2025-07-30 10:09:47.004] Tool ApplyRegexSolutions invoked with arguments ["{\u0022files\u0022: [\u0022src/main/preload.ts\u0022], \u0022replacements\u0022: [{\u0022pattern\u0022: \u0022removeListener\u003CT\u003E\\\\(channel: Channels, listener: \\\\(\\\\.\\\\.\\\\.args: T\\\\[\\\\]\\\\) =\u003E void\\\\)\u0022, \u0022replacement\u0022: \u0022removeListener\u003CT\u003E(channel: Channels, listener: (event: IpcRendererEvent, ...args: any[]) =\u003E void)\u0022}]}"]
2025-07-30 10:09:47.512 [info] [2025-07-30T17:09:47.509Z] [MCP Server] [2025-07-30 10:09:47.015] ApplyRegexSolutions took 11 ms
2025-07-30 10:09:47.512 [info] [2025-07-30T17:09:47.510Z] [MCP Server] [2025-07-30 10:09:47.016] ApplyRegexSolutions result: Success: Updated src/main/preload.ts
2025-07-30 10:09:50.566 [info] [2025-07-30T17:09:50.565Z] [MCP Server] [2025-07-30 10:09:50.089] GetAIResponseAsync took 43867 ms
2025-07-30 10:09:55.670 [info] [2025-07-30T17:09:55.668Z] [MCP Server] [2025-07-30 10:09:55.602] GetAIResponseAsync took 1379 ms
2025-07-30 10:09:56.175 [info] [2025-07-30T17:09:56.172Z] [MCP Server] [2025-07-30 10:09:55.896] Kusto query failed while checking duplicates: Unauthorized (401-Unauthorized): . This normally represents a permanent error, and retrying is unlikely to help.
2025-07-30 10:09:56.175 [info] [2025-07-30T17:09:56.173Z] [MCP Server] Error details:
2025-07-30 10:09:56.175 [info] [2025-07-30T17:09:56.173Z] [MCP Server] DataSource='https://typescripterrors.eastus2.kusto.windows.net/v1/rest/query',
2025-07-30 10:09:56.176 [info] [2025-07-30T17:09:56.174Z] [MCP Server] DatabaseName='typescripterrors',
2025-07-30 10:09:56.176 [info] [2025-07-30T17:09:56.174Z] [MCP Server] ClientRequestId='KD2RunQuery;20fe6c36-4937-456d-9a21-08fe85f7cd1f',
2025-07-30 10:09:56.176 [info] [2025-07-30T17:09:56.174Z] [MCP Server] ActivityId='cb4f84c9-0538-46d7-a02f-25b89f2d63eb,
2025-07-30 10:09:56.176 [info] [2025-07-30T17:09:56.174Z] [MCP Server] Timestamp='2025-07-30T17:09:55.8946933Z'.
2025-07-30 10:09:56.177 [info] [2025-07-30T17:09:56.175Z] [MCP Server] [2025-07-30 10:09:55.898] Authentication error detected. The VS Code token may have expired (30-day lifetime). Please restart VS Code or refresh the Kusto token using the 'JS/TS Upgrade: Refresh Kusto Authentication Token' command.
2025-07-30 10:09:56.177 [info] [2025-07-30T17:09:56.175Z] [MCP Server] [2025-07-30 10:09:55.903] All errors resolved
2025-07-30 10:09:56.177 [info] [2025-07-30T17:09:56.175Z] [MCP Server] [2025-07-30 10:09:55.904] Made progress in fixing errors. Rebuilding and regrouping remaining errors.
2025-07-30 10:10:00.257 [info] [2025-07-30T17:10:00.253Z] [MCP Server] [2025-07-30 10:10:00.016] Successfully resolved all build errors after updating custom-electron-titlebar electron.
2025-07-30 10:10:00.257 [info] [2025-07-30T17:10:00.254Z] [MCP Server] [2025-07-30 10:10:00.018] Temp directory C:\Users\lucygramley\AppData\Local\Temp\group_4a5fd3d633ff4d4ba3b69b010a5009da deleted.
2025-07-30 10:10:00.257 [info] [2025-07-30T17:10:00.254Z] [MCP Server] [2025-07-30 10:10:00.020] Modified files while updating package(s) custom-electron-titlebar electron:
2025-07-30 10:10:00.257 [info] [2025-07-30T17:10:00.255Z] [MCP Server] package.json
2025-07-30 10:10:00.257 [info] [2025-07-30T17:10:00.255Z] [MCP Server] yarn.lock
2025-07-30 10:10:00.257 [info] [2025-07-30T17:10:00.255Z] [MCP Server] src/main/preload.ts
2025-07-30 10:10:00.258 [info] [2025-07-30T17:10:00.256Z] [MCP Server] [2025-07-30 10:10:00.023] Deleted temp directory for PackageUpdater.
2025-07-30 10:10:00.258 [info] [2025-07-30T17:10:00.256Z] [MCP Server] [2025-07-30 10:10:00.024] Package group custom-electron-titlebar electron completed in 00:01:29.
2025-07-30 10:10:00.258 [info] [2025-07-30T17:10:00.256Z] [MCP Server] Successfully upgraded 2 packages: custom-electron-titlebar,electron
2025-07-30 10:15:20.604 [info] [2025-07-30T17:15:20.602Z] [MCP Server] [ChatClient] Using Copilot model: claude-sonnet-4
2025-07-30 10:15:20.604 [info] [2025-07-30T17:15:20.603Z] [MCP Server] [2025-07-30 10:15:20.331] Using VS Code provided token for Kusto authentication
2025-07-30 10:15:20.604 [info] [2025-07-30T17:15:20.603Z] [MCP Server] [2025-07-30 10:15:20.333] Updating package group (6/42): electron-debug
